[Warning] [simulation_app.simulation_app] Modules: ['omni.kit_app'] were loaded before SimulationApp was started and might not be loaded correctly.
[Warning] [simulation_app.simulation_app] Please check to make sure no extra omniverse or pxr modules are imported before the call to SimulationApp(...)
Loading user config located at: '/data/pgz/RL/eureka_env/lib/python3.10/site-packages/omni/data/Kit/Isaac-Sim/4.5/user.config.json'
[Info] [carb] Logging to file: /data/pgz/RL/eureka_env/lib/python3.10/site-packages/omni/logs/Kit/Isaac-Sim/4.5/kit_20260416_173907.log
2026-04-16 09:39:07 [0ms] [Warning] [omni.kit.app.plugin] No crash reporter present, dumps uploading isn't available.
2026-04-16 09:39:07 [10ms] [Warning] [omni.ext.plugin] [ext: rendering_modes] Extensions config 'extension.toml' doesn't exist '/data/pgz/RL/IsaacLab/apps/isaacsim_4_5/rendering_modes' or '/data/pgz/RL/IsaacLab/apps/isaacsim_4_5/rendering_modes/config'
2026-04-16 09:39:08 [196ms] [Warning] [omni.usd_config.extension] Enable omni.materialx.libs extension to use MaterialX
2026-04-16 09:39:08 [325ms] [Warning] [omni.platforminfo.plugin] failed to open the default display.  Can't verify X Server version.
2026-04-16 09:39:08 [638ms] [Warning] [omni.datastore] OmniHub is inaccessible
2026-04-16 09:39:08 [913ms] [Warning] [omni.isaac.dynamic_control] omni.isaac.dynamic_control is deprecated as of Isaac Sim 4.5. No action is needed from end-users.
2026-04-16 09:39:12 [4,795ms] [Warning] [carb.cudainterop.plugin] CUDA_VISIBLE_DEVICES environment variable is set.
2026-04-16 09:39:12 [4,795ms] [Warning] [carb.cudainterop.plugin] Note CUDA device enumeration and Omniverse device enumeration are different.
2026-04-16 09:39:12 [4,795ms] [Warning] [carb.cudainterop.plugin] Setting CUDA_VISIBLE_DEVICES can lead to undesired behavior or crashes.
2026-04-16 09:39:12 [4,803ms] [Warning] [gpu.foundation.plugin] Skipping NVIDIA GPU due CUDA being in bad state: NVIDIA GeForce RTX 2080 Ti
2026-04-16 09:39:12 [4,803ms] [Warning] [gpu.foundation.plugin] Please restart your system if CUDA is known to work in your system.
2026-04-16 09:39:12 [4,804ms] [Warning] [gpu.foundation.plugin] Skipping NVIDIA GPU due CUDA being in bad state: NVIDIA GeForce RTX 2080 Ti
2026-04-16 09:39:12 [4,804ms] [Warning] [gpu.foundation.plugin] Please restart your system if CUDA is known to work in your system.
2026-04-16 09:39:12 [4,804ms] [Warning] [gpu.foundation.plugin] Skipping NVIDIA GPU due CUDA being in bad state: NVIDIA GeForce RTX 2080 Ti
2026-04-16 09:39:12 [4,804ms] [Warning] [gpu.foundation.plugin] Please restart your system if CUDA is known to work in your system.
2026-04-16 09:39:12 [4,804ms] [Warning] [gpu.foundation.plugin] Skipping NVIDIA GPU due CUDA being in bad state: NVIDIA GeForce RTX 2080 Ti
2026-04-16 09:39:12 [4,804ms] [Warning] [gpu.foundation.plugin] Please restart your system if CUDA is known to work in your system.
2026-04-16 09:39:12 [4,804ms] [Warning] [gpu.foundation.plugin] Skipping NVIDIA GPU due CUDA being in bad state: NVIDIA GeForce RTX 2080 Ti
2026-04-16 09:39:12 [4,804ms] [Warning] [gpu.foundation.plugin] Please restart your system if CUDA is known to work in your system.
2026-04-16 09:39:12 [4,804ms] [Warning] [gpu.foundation.plugin] Skipping NVIDIA GPU due CUDA being in bad state: NVIDIA GeForce RTX 2080 Ti
2026-04-16 09:39:12 [4,804ms] [Warning] [gpu.foundation.plugin] Please restart your system if CUDA is known to work in your system.

|---------------------------------------------------------------------------------------------|
| Driver Version: 535.171.04    | Graphics API: Vulkan
|=============================================================================================|
| GPU | Name                             | Active | LDA | GPU Memory | Vendor-ID | LUID       |
|     |                                  |        |     |            | Device-ID | UUID       |
|     |                                  |        |     |            | Bus-ID    |            |
|---------------------------------------------------------------------------------------------[INFO][AppLauncher]: Using device: cuda:0
[INFO][AppLauncher]: Loading experience file: /data/pgz/RL/IsaacLab/apps/isaacsim_4_5/isaaclab.python.headless.kit
[INFO] Task=lift | Reward fn: OK dict (total=-3.6000, 5 components)
[INFO] Trajectory collection ENABLED

[36m======================================================================================[0m
[36m[1m[INFO][IsaacLab]: Logging to file: /tmp/isaaclab/logs/isaaclab_2026-04-16_17-39-14.log[0m
[36m======================================================================================[0m

[33m17:39:14 [stage.py] WARNING: Isaac Sim < 5.0 does not support thread-local stage contexts. Skipping use_stage().[0m
[33m17:39:14 [simulation_context.py] WARNING: The `enable_external_forces_every_iteration` parameter in the PhysxCfg is set to False. If you are experiencing noisy velocities, consider enabling this flag. You may need to slightly increase the number of velocity iterations (setting it to 1 or 2 rather than 0), together with this flag, to improve the accuracy of velocity updates.[0m
|
| 0   | NVIDIA GeForce RTX 2080 Ti       |        |     | 11510   MB | 10de      | 0          |
|     |                                  |        |     |            | 1e04      | 88206fb0.. |
|     |                                  |        |     |            | 18        |            |
|---------------------------------------------------------------------------------------------|
| 1   | NVIDIA GeForce RTX 2080 Ti       | Yes: 0 |     | 11510   MB | 10de      | 0          |
|     |                                  |        |     |            | 1e04      | 6db8fa72.. |
|     |                                  |        |     |            | 3b        |            |
|---------------------------------------------------------------------------------------------|
| 2   | NVIDIA GeForce RTX 2080 Ti       |        |     | 11510   MB | 10de      | 0          |
|     |                                  |        |     |            | 1e04      | a6ba07b0.. |
|     |                                  |        |     |            | 86        |            |
|---------------------------------------------------------------------------------------------|
| 3   | NVIDIA GeForce RTX 2080 Ti       |        |     | 11510   MB | 10de      | 0          |
|     |                                  |        |     |            | 1e04      | d78af628.. |
|     |                                  |        |     |            | af        |            |
|=============================================================================================|
| OS: 23.10 (Mantic Minotaur) ubuntu, Version: 23.10.796290661, Kernel: 6.7.8-060708-generic
| Processor: Intel(R) Xeon(R) Silver 4214 CPU @ 2.20GHz
| Cores: 24 | Logical Cores: 48
|---------------------------------------------------------------------------------------------|
| Total Memory (MB): 128542 | Free Memory: 123647
| Total Page/Swap (MB): 7628 | Free Page/Swap: 7628
|---------------------------------------------------------------------------------------------|
2026-04-16 09:39:12 [5,042ms] [Warning] [gpu.foundation.plugin] IOMMU is enabled.
2026-04-16 09:39:12 [5,042ms] [Warning] [gpu.foundation.plugin] Detected IOMMU is enabled. Running CUDA peer-to-peer bandwidth and latency validation.
Unidirectional P2P=Enabled Bandwidth (P2P Writes) Matrix (GB/s)
   D\D     0 
     0 541.74 
P2P=Enabled Latency (P2P Writes) Matrix (us)
   GPU     0 
     0   1.88 

   CPU     0 
     0   2.72 
2026-04-16 09:39:12 [5,088ms] [Warning] [omni.kvdb.plugin] Disabling key-value database because another kit process is locking it
[INFO]: Base environment:
	Environment device    : cuda:0
	Environment seed      : 42
	Physics step-size     : 0.01
	Rendering step-size   : 0.02
	Environment step-size : 0.02
[INFO]: Time taken for scene creation : 3.790659 seconds
[INFO]: Scene manager:  <class InteractiveScene>
	Number of environments: 4096
	Environment spacing   : 2.5
	Source prim name      : /World/envs/env_0
	Global prim paths     : []
	Replicate physics     : True
[INFO]: Starting the simulation. This may take a few seconds. Please wait...
[33m17:39:19 [articulation.py] WARNING: Spatial tendons are not supported in Isaac Sim < 5.0: patching spatial-tendon getter and setter to use dummy value[0m
2026-04-16 09:39:30 [22,189ms] [Warning] [omni.usd] Warning: in GetNodeDiscoveryResults at line 136 of /builds/omniverse/usd-ci/USD/pxr/usd/usdShade/shaderDefUtils.cpp -- Unable to resolve info:sourceAsset </UsdPreviewSurface.info:mdl:sourceAsset> with value @UsdPreviewSurface.mdl@.

2026-04-16 09:39:30 [22,189ms] [Warning] [omni.usd] Warning: in GetNodeDiscoveryResults at line 136 of /builds/omniverse/usd-ci/USD/pxr/usd/usdShade/shaderDefUtils.cpp -- Unable to resolve info:sourceAsset </UsdUVTexture.info:mdl:sourceAsset> with value @UsdPreviewSurface.mdl@.

2026-04-16 09:39:30 [22,190ms] [Warning] [omni.usd] Warning: in GetNodeDiscoveryResults at line 136 of /builds/omniverse/usd-ci/USD/pxr/usd/usdShade/shaderDefUtils.cpp -- Unable to resolve info:sourceAsset </UsdPrimvarReader_float.info:mdl:sourceAsset> with value @UsdPreviewSurface.mdl@.

2026-04-16 09:39:30 [22,190ms] [Warning] [omni.usd] Warning: in GetNodeDiscoveryResults at line 136 of /builds/omniverse/usd-ci/USD/pxr/usd/usdShade/shaderDefUtils.cpp -- Unable to resolve info:sourceAsset </UsdPrimvarReader_float2.info:mdl:sourceAsset> with value @UsdPreviewSurface.mdl@.

2026-04-16 09:39:30 [22,190ms] [Warning] [omni.usd] Warning: in GetNodeDiscoveryResults at line 136 of /builds/omniverse/usd-ci/USD/pxr/usd/usdShade/shaderDefUtils.cpp -- Unable to resolve info:sourceAsset </UsdPrimvarReader_float3.info:mdl:sourceAsset> with value @UsdPreviewSurface.mdl@.

2026-04-16 09:39:30 [22,191ms] [Warning] [omni.usd] Warning: in GetNodeDiscoveryResults at line 136 of /builds/omniverse/usd-ci/USD/pxr/usd/usdShade/shaderDefUtils.cpp -- Unable to resolve info:sourceAsset </UsdPrimvarReader_float4.info:mdl:sourceAsset> with value @UsdPreviewSurface.mdl@.

2026-04-16 09:39:30 [22,191ms] [Warning] [omni.usd] Warning: in GetNodeDiscoveryResults at line 136 of /builds/omniverse/usd-ci/USD/pxr/usd/usdShade/shaderDefUtils.cpp -- Unable to resolve info:sourceAsset </UsdPrimvarReader_int.info:mdl:sourceAsset> with value @UsdPreviewSurface.mdl@.

2026-04-16 09:39:30 [22,191ms] [Warning] [omni.usd] Warning: in GetNodeDiscoveryResults at line 136 of /builds/omniverse/usd-ci/USD/pxr/usd/usdShade/shaderDefUtils.cpp -- Unable to resolve info:sourceAsset </UsdPrimvarReader_string.info:mdl:sourceAsset> with value @UsdPreviewSurface.mdl@.

2026-04-16 09:39:30 [22,192ms] [Warning] [omni.usd] Warning: in GetNodeDiscoveryResults at line 136 of /builds/omniverse/usd-ci/USD/pxr/usd/usdShade/shaderDefUtils.cpp -- Unable to resolve info:sourceAsset </UsdPrimvarReader_normal.info:mdl:sourceAsset> with value @UsdPreviewSurface.mdl@.

2026-04-16 09:39:30 [22,192ms] [Warning] [omni.usd] Warning: in GetNodeDiscoveryResults at line 136 of /builds/omniverse/usd-ci/USD/pxr/usd/usdShade/shaderDefUtils.cpp -- Unable to resolve info:sourceAsset </UsdPrimvarReader_point.info:mdl:sourceAsset> with value @UsdPreviewSurface.mdl@.

2026-04-16 09:39:30 [22,192ms] [Warning] [omni.usd] Warning: in GetNodeDiscoveryResults at line 136 of /builds/omniverse/usd-ci/USD/pxr/usd/usdShade/shaderDefUtils.cpp -- Unable to resolve info:sourceAsset </UsdPrimvarReader_vector.info:mdl:sourceAsset> with value @UsdPreviewSurface.mdl@.

2026-04-16 09:39:30 [22,193ms] [Warning] [omni.usd] Warning: in GetNodeDiscoveryResults at line 136 of /builds/omniverse/usd-ci/USD/pxr/usd/usdShade/shaderDefUtils.cpp -- Unable to resolve info:sourceAsset </UsdPrimvarReader_matrix.info:mdl:sourceAsset> with value @UsdPreviewSurface.mdl@.

2026-04-16 09:39:30 [22,193ms] [Warning] [omni.usd] Warning: in GetNodeDiscoveryResults at line 136 of /builds/omniverse/usd-ci/USD/pxr/usd/usdShade/shaderDefUtils.cpp -- Unable to resolve info:sourceAsset </UsdTransform2d.info:mdl:sourceAsset> with value @UsdPreviewSurface.mdl@.

/data/pgz/RL/eureka_env/lib/python3.10/site-packages/rsl_rl/utils/utils.py:220: UserWarning: The observation configuration dictionary 'obs_groups' is empty and thus likely not configured. Consider configuring the 'obs_groups' dictionary explicitly
  warnings.warn(
/data/pgz/RL/eureka_env/lib/python3.10/site-packages/rsl_rl/utils/utils.py:251: UserWarning: The observation configuration dictionary 'obs_groups' does not contain the 'actor' key. As an observation group with the name 'policy' was found, this is assumed to be the appropriate observation. Consider adding the 'actor' key to the 'obs_groups' dictionary for clarity. This behavior will be removed in a future version.
  warnings.warn(
/data/pgz/RL/eureka_env/lib/python3.10/site-packages/rsl_rl/utils/utils.py:251: UserWarning: The observation configuration dictionary 'obs_groups' does not contain the 'critic' key. As an observation group with the name 'policy' was found, this is assumed to be the appropriate observation. Consider adding the 'critic' key to the 'obs_groups' dictionary for clarity. This behavior will be removed in a future version.
  warnings.warn(
[INFO]: Time taken for simulation start : 8.970919 seconds
[INFO] Command Manager:  <CommandManager> contains 1 active terms.
+------------------------------------------+
|           Active Command Terms           |
+-------+-------------+--------------------+
| Index | Name        |        Type        |
+-------+-------------+--------------------+
|   0   | object_pose | UniformPoseCommand |
+-------+-------------+--------------------+

[INFO] Event Manager:  <EventManager> contains 1 active terms.
+--------------------------------------+
| Active Event Terms in Mode: 'reset'  |
+---------+----------------------------+
|  Index  | Name                       |
+---------+----------------------------+
|    0    | reset_all                  |
|    1    | reset_object_position      |
+---------+----------------------------+

[INFO] Recorder Manager:  <RecorderManager> contains 0 active terms.
+---------------------+
| Active Recorder Terms |
+-----------+---------+
|   Index   | Name    |
+-----------+---------+
+-----------+---------+

[INFO] Action Manager:  <ActionManager> contains 2 active terms.
+------------------------------------+
|   Active Action Terms (shape: 8)   |
+-------+----------------+-----------+
| Index | Name           | Dimension |
+-------+----------------+-----------+
|   0   | arm_action     |         7 |
|   1   | gripper_action |         1 |
+-------+----------------+-----------+

[INFO] Observation Manager: <ObservationManager> contains 1 groups.
+-----------------------------------------------------------+
| Active Observation Terms in Group: 'policy' (shape: (36,)) |
+----------+-------------------------------------+----------+
|  Index   | Name                                |  Shape   |
+----------+-------------------------------------+----------+
|    0     | joint_pos                           |   (9,)   |
|    1     | joint_vel                           |   (9,)   |
|    2     | object_position                     |   (3,)   |
|    3     | target_object_position              |   (7,)   |
|    4     | actions                             |   (8,)   |
+----------+-------------------------------------+----------+

[INFO] Termination Manager:  <TerminationManager> contains 2 active terms.
+------------------------------------+
|      Active Termination Terms      |
+-------+-----------------+----------+
| Index | Name            | Time Out |
+-------+-----------------+----------+
|   0   | time_out        |   True   |
|   1   | object_dropping |  False   |
+-------+-----------------+----------+

[INFO] Reward Manager:  <RewardManager> contains 6 active terms.
+----------------------------------------------------+
|                Active Reward Terms                 |
+-------+-----------------------------------+--------+
| Index | Name                              | Weight |
+-------+-----------------------------------+--------+
|   0   | reaching_object                   |    0.0 |
|   1   | lifting_object                    |    0.0 |
|   2   | object_goal_tracking              |    0.0 |
|   3   | object_goal_tracking_fine_grained |    0.0 |
|   4   | action_rate                       |    0.0 |
|   5   | joint_vel                         |    0.0 |
+-------+-----------------------------------+--------+

[INFO] Curriculum Manager:  <CurriculumManager> contains 2 active terms.
+--------------------------+
| Active Curriculum Terms  |
+---------+----------------+
|  Index  | Name           |
+---------+----------------+
|    0    | action_rate    |
|    1    | joint_vel      |
+---------+----------------+

[INFO]: Completed setting up the environment...
[WARNING]: The `policy` configuration is deprecated for rsl-rl >= 4.0.0. Please use, e.g., `actor` and `critic` model configurations instead.
[WARNING]: The `policy` configuration is used to infer the `actor` model configuration.
[WARNING]: The `policy` configuration is used to infer the `critic` model configuration.
[WARNING]: The `distribution_cfg` configuration is now used to specify the output distribution for stochastic policies. Consider updating the configuration to use `distribution_cfg` instead of `stochastic`, `init_noise_std`, `noise_std_type`, and `state_dependent_std` parameters.
--------------------------------------------------------------------------------
Resolved observation sets: 
	 actor :  ['policy']
	 critic :  ['policy']
--------------------------------------------------------------------------------
Actor Model: MLPModel(
  (obs_normalizer): Identity()
  (distribution): GaussianDistribution()
  (mlp): MLP(
    (0): Linear(in_features=36, out_features=256, bias=True)
    (1): ELU(alpha=1.0)
    (2): Linear(in_features=256, out_features=128, bias=True)
    (3): ELU(alpha=1.0)
    (4): Linear(in_features=128, out_features=64, bias=True)
    (5): ELU(alpha=1.0)
    (6): Linear(in_features=64, out_features=8, bias=True)
  )
)
Critic Model: MLPModel(
  (obs_normalizer): Identity()
  (mlp): MLP(
    (0): Linear(in_features=36, out_features=256, bias=True)
    (1): ELU(alpha=1.0)
    (2): Linear(in_features=256, out_features=128, bias=True)
    (3): ELU(alpha=1.0)
    (4): Linear(in_features=128, out_features=64, bias=True)
    (5): ELU(alpha=1.0)
    (6): Linear(in_features=64, out_features=1, bias=True)
  )
)
Could not find git repository in /data/pgz/RL/eureka_env/lib/python3.10/site-packages/rsl_rl/__init__.py. Skipping.
################################################################################
[1m                           Learning iteration 0/1500                            [0m 

                            Total steps: 98304 
                       Steps per second: 9568 
                        Collection time: 9.670s 
                          Learning time: 0.604s 
                        Mean value loss: 6429.7037
                    Mean surrogate loss: -0.0016
                      Mean entropy loss: 11.3091
                            Mean reward: -197.62
                    Mean episode length: 21.47
                        Mean action std: 0.99
         Episode_Reward/reaching_object: 0.0000
          Episode_Reward/lifting_object: 0.0000
    Episode_Reward/object_goal_tracking: 0.0000
Episode_Reward/object_goal_tracking_fine_grained: 0.0000
             Episode_Reward/action_rate: 0.0000
               Episode_Reward/joint_vel: 0.0000
                 Curriculum/action_rate: 0.0000
                   Curriculum/joint_vel: 0.0000
     Metrics/object_pose/position_error: 0.2240
  Metrics/object_pose/orientation_error: 2.9528
           Episode_Termination/time_out: 0.0468
    Episode_Termination/object_dropping: 0.0000
--------------------------------------------------------------------------------
                         Iteration time: 10.27s
                           Time elapsed: 00:00:10
                                    ETA: 04:16:40

################################################################################
[1m                           Learning iteration 1/1500                            [0m 

                            Total steps: 196608 
                       Steps per second: 12196 
                        Collection time: 7.848s 
                          Learning time: 0.212s 
                        Mean value loss: 6275.8006
                    Mean surrogate loss: 0.0004
                      Mean entropy loss: 11.2316
                            Mean reward: -425.61
                    Mean episode length: 45.16
                        Mean action std: 0.99
         Episode_Reward/reaching_object: 0.0000
          Episode_Reward/lifting_object: 0.0000
    Episode_Reward/object_goal_tracking: 0.0000
Episode_Reward/object_goal_tracking_fine_grained: 0.0000
             Episode_Reward/action_rate: 0.0000
               Episode_Reward/joint_vel: 0.0000
                 Curriculum/action_rate: 0.0000
                   Curriculum/joint_vel: 0.0000
     Metrics/object_pose/position_error: 0.2519
  Metrics/object_pose/orientation_error: 3.0786
           Episode_Termination/time_out: 0.1424
    Episode_Termination/object_dropping: 0.0000
--------------------------------------------------------------------------------
                         Iteration time: 8.06s
                           Time elapsed: 00:00:18
                                    ETA: 03:48:51

################################################################################
[1m                           Learning iteration 2/1500                            [0m 

                            Total steps: 294912 
                       Steps per second: 12207 
                        Collection time: 7.835s 
                          Learning time: 0.218s 
                        Mean value loss: 6202.4250
                    Mean surrogate loss: -0.0016
                      Mean entropy loss: 11.1790
                            Mean reward: -661.49
                    Mean episode length: 69.35
                        Mean action std: 0.98
         Episode_Reward/reaching_object: 0.0000
          Episode_Reward/lifting_object: 0.0000
    Episode_Reward/object_goal_tracking: 0.0000
Episode_Reward/object_goal_tracking_fine_grained: 0.0000
             Episode_Reward/action_rate: 0.0000
               Episode_Reward/joint_vel: 0.0000
                 Curriculum/action_rate: 0.0000
                   Curriculum/joint_vel: 0.0000
     Metrics/object_pose/position_error: 0.2393
  Metrics/object_pose/orientation_error: 3.0703
           Episode_Termination/time_out: 0.2317
    Episode_Termination/object_dropping: 0.0000
--------------------------------------------------------------------------------
                         Iteration time: 8.05s
                           Time elapsed: 00:00:26
                                    ETA: 03:39:26

################################################################################
[1m                           Learning iteration 3/1500                            [0m 

                            Total steps: 393216 
                       Steps per second: 12228 
                        Collection time: 7.829s 
                          Learning time: 0.210s 
                        Mean value loss: 6076.1480
                    Mean surrogate loss: -0.0022
                      Mean entropy loss: 11.1226
                            Mean reward: -894.44
                    Mean episode length: 93.54
                        Mean action std: 0.97
         Episode_Reward/reaching_object: 0.0000
          Episode_Reward/lifting_object: 0.0000
    Episode_Reward/object_goal_tracking: 0.0000
Episode_Reward/object_goal_tracking_fine_grained: 0.0000
             Episode_Reward/action_rate: 0.0000
               Episode_Reward/joint_vel: 0.0000
                 Curriculum/action_rate: 0.0000
                   Curriculum/joint_vel: 0.0000
     Metrics/object_pose/position_error: 0.2451
  Metrics/object_pose/orientation_error: 3.0695
           Episode_Termination/time_out: 0.3235
    Episode_Termination/object_dropping: 0.0000
--------------------------------------------------------------------------------
                         Iteration time: 8.04s
                           Time elapsed: 00:00:34
                                    ETA: 03:34:35

################################################################################
[1m                           Learning iteration 4/1500                            [0m 

                            Total steps: 491520 
                       Steps per second: 12249 
                        Collection time: 7.815s 
                          Learning time: 0.210s 
                        Mean value loss: 5990.8196
                    Mean surrogate loss: -0.0025
                      Mean entropy loss: 11.0657
                            Mean reward: -1128.37
                    Mean episode length: 117.51
                        Mean action std: 0.96
         Episode_Reward/reaching_object: 0.0000
          Episode_Reward/lifting_object: 0.0000
    Episode_Reward/object_goal_tracking: 0.0000
Episode_Reward/object_goal_tracking_fine_grained: 0.0000
             Episode_Reward/action_rate: 0.0000
               Episode_Reward/joint_vel: 0.0000
                 Curriculum/action_rate: 0.0000
                   Curriculum/joint_vel: 0.0000
     Metrics/object_pose/position_error: 0.2454
  Metrics/object_pose/orientation_error: 3.0825
           Episode_Termination/time_out: 0.4220
    Episode_Termination/object_dropping: 0.0000
--------------------------------------------------------------------------------
                         Iteration time: 8.03s
                           Time elapsed: 00:00:42
                                    ETA: 03:31:32

################################################################################
[1m                           Learning iteration 5/1500                            [0m 

                            Total steps: 589824 
                       Steps per second: 12273 
                        Collection time: 7.795s 
                          Learning time: 0.215s 
                        Mean value loss: 5887.7486
                    Mean surrogate loss: -0.0024
                      Mean entropy loss: 11.0043
                            Mean reward: -1350.68
                    Mean episode length: 141.36
                        Mean action std: 0.96
         Episode_Reward/reaching_object: 0.0000
          Episode_Reward/lifting_object: 0.0000
    Episode_Reward/object_goal_tracking: 0.0000
Episode_Reward/object_goal_tracking_fine_grained: 0.0000
             Episode_Reward/action_rate: 0.0000
               Episode_Reward/joint_vel: 0.0000
                 Curriculum/action_rate: 0.0000
                   Curriculum/joint_vel: 0.0000
     Metrics/object_pose/position_error: 0.2435
  Metrics/object_pose/orientation_error: 3.0732
           Episode_Termination/time_out: 0.5209
    Episode_Termination/object_dropping: 0.0000
--------------------------------------------------------------------------------
                         Iteration time: 8.01s
                           Time elapsed: 00:00:50
                                    ETA: 03:29:24

################################################################################
[1m                           Learning iteration 6/1500                            [0m 

                            Total steps: 688128 
                       Steps per second: 12311 
                        Collection time: 7.769s 
                          Learning time: 0.215s 
                        Mean value loss: 5781.5527
                    Mean surrogate loss: -0.0024
                      Mean entropy loss: 10.9374
                            Mean reward: -1588.85
                    Mean episode length: 165.58
                        Mean action std: 0.95
         Episode_Reward/reaching_object: 0.0000
          Episode_Reward/lifting_object: 0.0000
    Episode_Reward/object_goal_tracking: 0.0000
Episode_Reward/object_goal_tracking_fine_grained: 0.0000
             Episode_Reward/action_rate: 0.0000
               Episode_Reward/joint_vel: 0.0000
                 Curriculum/action_rate: 0.0000
                   Curriculum/joint_vel: 0.0000
     Metrics/object_pose/position_error: 0.2516
  Metrics/object_pose/orientation_error: 3.0684
           Episode_Termination/time_out: 0.6215
    Episode_Termination/object_dropping: 0.0000
--------------------------------------------------------------------------------
                         Iteration time: 7.98s
                           Time elapsed: 00:00:58
                                    ETA: 03:27:45

################################################################################
[1m                           Learning iteration 7/1500                            [0m 

                            Total steps: 786432 
                       Steps per second: 12292 
                        Collection time: 7.784s 
                          Learning time: 0.214s 
                        Mean value loss: 5723.2603
                    Mean surrogate loss: -0.0025
                      Mean entropy loss: 10.8884
                            Mean reward: -1806.03
                    Mean episode length: 189.42
                        Mean action std: 0.94
         Episode_Reward/reaching_object: 0.0000
          Episode_Reward/lifting_object: 0.0000
    Episode_Reward/object_goal_tracking: 0.0000
Episode_Reward/object_goal_tracking_fine_grained: 0.0000
             Episode_Reward/action_rate: 0.0000
               Episode_Reward/joint_vel: 0.0000
                 Curriculum/action_rate: 0.0000
                   Curriculum/joint_vel: 0.0000
     Metrics/object_pose/position_error: 0.2461
  Metrics/object_pose/orientation_error: 3.0766
           Episode_Termination/time_out: 0.7230
    Episode_Termination/object_dropping: 0.0000
--------------------------------------------------------------------------------
                         Iteration time: 8.00s
                           Time elapsed: 00:01:06
                                    ETA: 03:26:31

################################################################################
[1m                           Learning iteration 8/1500                            [0m 

                            Total steps: 884736 
                       Steps per second: 12295 
                        Collection time: 7.779s 
                          Learning time: 0.215s 
                        Mean value loss: 5689.0326
                    Mean surrogate loss: -0.0021
                      Mean entropy loss: 10.8551
                            Mean reward: -2045.81
                    Mean episode length: 213.78
                        Mean action std: 0.94
         Episode_Reward/reaching_object: 0.0000
          Episode_Reward/lifting_object: 0.0000
    Episode_Reward/object_goal_tracking: 0.0000
Episode_Reward/object_goal_tracking_fine_grained: 0.0000
             Episode_Reward/action_rate: 0.0000
               Episode_Reward/joint_vel: 0.0000
                 Curriculum/action_rate: 0.0000
                   Curriculum/joint_vel: 0.0000
     Metrics/object_pose/position_error: 0.2415
  Metrics/object_pose/orientation_error: 3.0707
           Episode_Termination/time_out: 0.8168
    Episode_Termination/object_dropping: 0.0000
--------------------------------------------------------------------------------
                         Iteration time: 7.99s
                           Time elapsed: 00:01:14
                                    ETA: 03:25:31

################################################################################
[1m                           Learning iteration 9/1500                            [0m 

                            Total steps: 983040 
                       Steps per second: 12313 
                        Collection time: 7.770s 
                          Learning time: 0.213s 
                        Mean value loss: 5514.7116
                    Mean surrogate loss: -0.0030
                      Mean entropy loss: 10.7738
                            Mean reward: -2261.19
                    Mean episode length: 238.02
                        Mean action std: 0.93
         Episode_Reward/reaching_object: 0.0000
          Episode_Reward/lifting_object: 0.0000
    Episode_Reward/object_goal_tracking: 0.0000
Episode_Reward/object_goal_tracking_fine_grained: 0.0000
             Episode_Reward/action_rate: 0.0000
               Episode_Reward/joint_vel: 0.0000
                 Curriculum/action_rate: 0.0000
                   Curriculum/joint_vel: 0.0000
     Metrics/object_pose/position_error: 0.2444
  Metrics/object_pose/orientation_error: 3.0749
           Episode_Termination/time_out: 0.9124
    Episode_Termination/object_dropping: 0.0000
--------------------------------------------------------------------------------
                         Iteration time: 7.98s
                           Time elapsed: 00:01:22
                                    ETA: 03:24:40

################################################################################
[1m                           Learning iteration 10/1500                           [0m 

                            Total steps: 1081344 
                       Steps per second: 12305 
                        Collection time: 7.777s 
                          Learning time: 0.212s 
                        Mean value loss: 5440.5197
                    Mean surrogate loss: -0.0026
                      Mean entropy loss: 10.6963
                            Mean reward: -2361.14
                    Mean episode length: 250.00
                        Mean action std: 0.92
         Episode_Reward/reaching_object: 0.0000
          Episode_Reward/lifting_object: 0.0000
    Episode_Reward/object_goal_tracking: 0.0000
Episode_Reward/object_goal_tracking_fine_grained: 0.0000
             Episode_Reward/action_rate: 0.0000
               Episode_Reward/joint_vel: 0.0000
                 Curriculum/action_rate: 0.0000
                   Curriculum/joint_vel: 0.0000
     Metrics/object_pose/position_error: 0.2487
  Metrics/object_pose/orientation_error: 3.0743
           Episode_Termination/time_out: 0.9934
    Episode_Termination/object_dropping: 0.0000
--------------------------------------------------------------------------------
                         Iteration time: 7.99s
                           Time elapsed: 00:01:30
                                    ETA: 03:23:58

################################################################################
[1m                           Learning iteration 11/1500                           [0m 

                            Total steps: 1179648 
                       Steps per second: 12323 
                        Collection time: 7.765s 
                          Learning time: 0.212s 
                        Mean value loss: 5331.8434
                    Mean surrogate loss: -0.0030
                      Mean entropy loss: 10.6108
                            Mean reward: -2366.85
                    Mean episode length: 250.00
                        Mean action std: 0.91
         Episode_Reward/reaching_object: 0.0000
          Episode_Reward/lifting_object: 0.0000
    Episode_Reward/object_goal_tracking: 0.0000
Episode_Reward/object_goal_tracking_fine_grained: 0.0000
             Episode_Reward/action_rate: 0.0000
               Episode_Reward/joint_vel: 0.0000
                 Curriculum/action_rate: 0.0000
                   Curriculum/joint_vel: 0.0000
     Metrics/object_pose/position_error: 0.2355
  Metrics/object_pose/orientation_error: 3.0704
           Episode_Termination/time_out: 1.0000
    Episode_Termination/object_dropping: 0.0000
--------------------------------------------------------------------------------
                         Iteration time: 7.98s
                           Time elapsed: 00:01:38
                                    ETA: 03:23:19

################################################################################
[1m                           Learning iteration 12/1500                           [0m 

                            Total steps: 1277952 
                       Steps per second: 12310 
                        Collection time: 7.771s 
                          Learning time: 0.214s 
                        Mean value loss: 5269.3643
                    Mean surrogate loss: -0.0024
                      Mean entropy loss: 10.5409
                            Mean reward: -2360.68
                    Mean episode length: 250.00
                        Mean action std: 0.90
         Episode_Reward/reaching_object: 0.0000
          Episode_Reward/lifting_object: 0.0000
    Episode_Reward/object_goal_tracking: 0.0000
Episode_Reward/object_goal_tracking_fine_grained: 0.0000
             Episode_Reward/action_rate: 0.0000
               Episode_Reward/joint_vel: 0.0000
                 Curriculum/action_rate: 0.0000
                   Curriculum/joint_vel: 0.0000
     Metrics/object_pose/position_error: 0.2406
  Metrics/object_pose/orientation_error: 3.0681
           Episode_Termination/time_out: 1.0000
    Episode_Termination/object_dropping: 0.0000
--------------------------------------------------------------------------------
                         Iteration time: 7.99s
                           Time elapsed: 00:01:46
                                    ETA: 03:22:47

################################################################################
[1m                           Learning iteration 13/1500                           [0m 

                            Total steps: 1376256 
                       Steps per second: 12246 
                        Collection time: 7.812s 
                          Learning time: 0.215s 
                        Mean value loss: 5184.5022
                    Mean surrogate loss: -0.0029
                      Mean entropy loss: 10.4642
                            Mean reward: -2367.24
                    Mean episode length: 250.00
                        Mean action std: 0.89
         Episode_Reward/reaching_object: 0.0000
          Episode_Reward/lifting_object: 0.0000
    Episode_Reward/object_goal_tracking: 0.0000
Episode_Reward/object_goal_tracking_fine_grained: 0.0000
             Episode_Reward/action_rate: 0.0000
               Episode_Reward/joint_vel: 0.0000
                 Curriculum/action_rate: 0.0000
                   Curriculum/joint_vel: 0.0000
     Metrics/object_pose/position_error: 0.2414
  Metrics/object_pose/orientation_error: 3.0677
           Episode_Termination/time_out: 1.0000
    Episode_Termination/object_dropping: 0.0000
--------------------------------------------------------------------------------
                         Iteration time: 8.03s
                           Time elapsed: 00:01:54
                                    ETA: 03:22:22

################################################################################
[1m                           Learning iteration 14/1500                           [0m 

                            Total steps: 1474560 
                       Steps per second: 12274 
                        Collection time: 7.794s 
                          Learning time: 0.215s 
                        Mean value loss: 5091.1012
                    Mean surrogate loss: -0.0028
                      Mean entropy loss: 10.3876
                            Mean reward: -2337.56
                    Mean episode length: 250.00
                        Mean action std: 0.88
         Episode_Reward/reaching_object: 0.0000
          Episode_Reward/lifting_object: 0.0000
    Episode_Reward/object_goal_tracking: 0.0000
Episode_Reward/object_goal_tracking_fine_grained: 0.0000
             Episode_Reward/action_rate: 0.0000
               Episode_Reward/joint_vel: 0.0000
                 Curriculum/action_rate: 0.0000
                   Curriculum/joint_vel: 0.0000
     Metrics/object_pose/position_error: 0.2435
  Metrics/object_pose/orientation_error: 3.0690
           Episode_Termination/time_out: 1.0000
    Episode_Termination/object_dropping: 0.0000
--------------------------------------------------------------------------------
                         Iteration time: 8.01s
                           Time elapsed: 00:02:02
                                    ETA: 03:21:58

################################################################################
[1m                           Learning iteration 15/1500                           [0m 

                            Total steps: 1572864 
                       Steps per second: 12282 
                        Collection time: 7.789s 
                          Learning time: 0.214s 
                        Mean value loss: 5046.2845
                    Mean surrogate loss: -0.0030
                      Mean entropy loss: 10.3206
                            Mean reward: -2345.00
                    Mean episode length: 250.00
                        Mean action std: 0.88
         Episode_Reward/reaching_object: 0.0000
          Episode_Reward/lifting_object: 0.0000
    Episode_Reward/object_goal_tracking: 0.0000
Episode_Reward/object_goal_tracking_fine_grained: 0.0000
             Episode_Reward/action_rate: 0.0000
               Episode_Reward/joint_vel: 0.0000
                 Curriculum/action_rate: 0.0000
                   Curriculum/joint_vel: 0.0000
     Metrics/object_pose/position_error: 0.2377
  Metrics/object_pose/orientation_error: 3.0673
           Episode_Termination/time_out: 1.0000
    Episode_Termination/object_dropping: 0.0000
--------------------------------------------------------------------------------
                         Iteration time: 8.00s
                           Time elapsed: 00:02:10
                                    ETA: 03:21:35

################################################################################
[1m                           Learning iteration 16/1500                           [0m 

                            Total steps: 1671168 
                       Steps per second: 12349 
                        Collection time: 7.749s 
                          Learning time: 0.212s 
                        Mean value loss: 5002.4998
                    Mean surrogate loss: -0.0025
                      Mean entropy loss: 10.2558
                            Mean reward: -2336.93
                    Mean episode length: 250.00
                        Mean action std: 0.87
         Episode_Reward/reaching_object: 0.0000
          Episode_Reward/lifting_object: 0.0000
    Episode_Reward/object_goal_tracking: 0.0000
Episode_Reward/object_goal_tracking_fine_grained: 0.0000
             Episode_Reward/action_rate: 0.0000
               Episode_Reward/joint_vel: 0.0000
                 Curriculum/action_rate: 0.0000
                   Curriculum/joint_vel: 0.0000
     Metrics/object_pose/position_error: 0.2421
  Metrics/object_pose/orientation_error: 3.0677
           Episode_Termination/time_out: 1.0000
    Episode_Termination/object_dropping: 0.0000
--------------------------------------------------------------------------------
                         Iteration time: 7.96s
                           Time elapsed: 00:02:18
                                    ETA: 03:21:10

################################################################################
[1m                           Learning iteration 17/1500                           [0m 

                            Total steps: 1769472 
                       Steps per second: 12352 
                        Collection time: 7.746s 
                          Learning time: 0.212s 
                        Mean value loss: 4952.3894
                    Mean surrogate loss: -0.0036
                      Mean entropy loss: 10.1675
                            Mean reward: -2327.01
                    Mean episode length: 250.00
                        Mean action std: 0.86
         Episode_Reward/reaching_object: 0.0000
          Episode_Reward/lifting_object: 0.0000
    Episode_Reward/object_goal_tracking: 0.0000
Episode_Reward/object_goal_tracking_fine_grained: 0.0000
             Episode_Reward/action_rate: 0.0000
               Episode_Reward/joint_vel: 0.0000
                 Curriculum/action_rate: 0.0000
                   Curriculum/joint_vel: 0.0000
     Metrics/object_pose/position_error: 0.2415
  Metrics/object_pose/orientation_error: 3.0628
           Episode_Termination/time_out: 1.0000
    Episode_Termination/object_dropping: 0.0000
--------------------------------------------------------------------------------
                         Iteration time: 7.96s
                           Time elapsed: 00:02:26
                                    ETA: 03:20:47

################################################################################
[1m                           Learning iteration 18/1500                           [0m 

                            Total steps: 1867776 
                       Steps per second: 12311 
                        Collection time: 7.772s 
                          Learning time: 0.213s 
                        Mean value loss: 4908.1363
                    Mean surrogate loss: -0.0033
                      Mean entropy loss: 10.1062
                            Mean reward: -2310.00
                    Mean episode length: 250.00
                        Mean action std: 0.85
         Episode_Reward/reaching_object: 0.0000
          Episode_Reward/lifting_object: 0.0000
    Episode_Reward/object_goal_tracking: 0.0000
Episode_Reward/object_goal_tracking_fine_grained: 0.0000
             Episode_Reward/action_rate: 0.0000
               Episode_Reward/joint_vel: 0.0000
                 Curriculum/action_rate: 0.0000
                   Curriculum/joint_vel: 0.0000
     Metrics/object_pose/position_error: 0.2439
  Metrics/object_pose/orientation_error: 3.0601
           Episode_Termination/time_out: 1.0000
    Episode_Termination/object_dropping: 0.0000
--------------------------------------------------------------------------------
                         Iteration time: 7.98s
                           Time elapsed: 00:02:34
                                    ETA: 03:20:28

################################################################################
[1m                           Learning iteration 19/1500                           [0m 

                            Total steps: 1966080 
                       Steps per second: 12317 
                        Collection time: 7.768s 
                          Learning time: 0.213s 
                        Mean value loss: 4861.6724
                    Mean surrogate loss: -0.0026
                      Mean entropy loss: 10.0276
                            Mean reward: -2307.79
                    Mean episode length: 250.00
                        Mean action std: 0.84
         Episode_Reward/reaching_object: 0.0000
          Episode_Reward/lifting_object: 0.0000
    Episode_Reward/object_goal_tracking: 0.0000
Episode_Reward/object_goal_tracking_fine_grained: 0.0000
             Episode_Reward/action_rate: 0.0000
               Episode_Reward/joint_vel: 0.0000
                 Curriculum/action_rate: 0.0000
                   Curriculum/joint_vel: 0.0000
     Metrics/object_pose/position_error: 0.2390
  Metrics/object_pose/orientation_error: 3.0561
           Episode_Termination/time_out: 1.0000
    Episode_Termination/object_dropping: 0.0000
--------------------------------------------------------------------------------
                         Iteration time: 7.98s
                           Time elapsed: 00:02:42
                                    ETA: 03:20:09

################################################################################
[1m                           Learning iteration 20/1500                           [0m 

                            Total steps: 2064384 
                       Steps per second: 12284 
                        Collection time: 7.784s 
                          Learning time: 0.218s 
                        Mean value loss: 4762.9335
                    Mean surrogate loss: -0.0037
                      Mean entropy loss: 9.9181
                            Mean reward: -2303.89
                    Mean episode length: 250.00
                        Mean action std: 0.83
         Episode_Reward/reaching_object: 0.0000
          Episode_Reward/lifting_object: 0.0000
    Episode_Reward/object_goal_tracking: 0.0000
Episode_Reward/object_goal_tracking_fine_grained: 0.0000
             Episode_Reward/action_rate: 0.0000
               Episode_Reward/joint_vel: 0.0000
                 Curriculum/action_rate: 0.0000
                   Curriculum/joint_vel: 0.0000
     Metrics/object_pose/position_error: 0.2354
  Metrics/object_pose/orientation_error: 3.0647
           Episode_Termination/time_out: 1.0000
    Episode_Termination/object_dropping: 0.0000
--------------------------------------------------------------------------------
                         Iteration time: 8.00s
                           Time elapsed: 00:02:50
                                    ETA: 03:19:53

################################################################################
[1m                           Learning iteration 21/1500                           [0m 

                            Total steps: 2162688 
                       Steps per second: 12324 
                        Collection time: 7.758s 
                          Learning time: 0.218s 
                        Mean value loss: 4686.4805
                    Mean surrogate loss: -0.0023
                      Mean entropy loss: 9.8543
                            Mean reward: -2316.43
                    Mean episode length: 250.00
                        Mean action std: 0.83
         Episode_Reward/reaching_object: 0.0000
          Episode_Reward/lifting_object: 0.0000
    Episode_Reward/object_goal_tracking: 0.0000
Episode_Reward/object_goal_tracking_fine_grained: 0.0000
             Episode_Reward/action_rate: 0.0000
               Episode_Reward/joint_vel: 0.0000
                 Curriculum/action_rate: 0.0000
                   Curriculum/joint_vel: 0.0000
     Metrics/object_pose/position_error: 0.2431
  Metrics/object_pose/orientation_error: 3.0708
           Episode_Termination/time_out: 1.0000
    Episode_Termination/object_dropping: 0.0000
--------------------------------------------------------------------------------
                         Iteration time: 7.98s
                           Time elapsed: 00:02:58
                                    ETA: 03:19:36

################################################################################
[1m                           Learning iteration 22/1500                           [0m 

                            Total steps: 2260992 
                       Steps per second: 12543 
                        Collection time: 7.622s 
                          Learning time: 0.215s 
                        Mean value loss: 4633.3192
                    Mean surrogate loss: -0.0029
                      Mean entropy loss: 9.7971
                            Mean reward: -2297.65
                    Mean episode length: 250.00
                        Mean action std: 0.82
         Episode_Reward/reaching_object: 0.0000
          Episode_Reward/lifting_object: 0.0000
    Episode_Reward/object_goal_tracking: 0.0000
Episode_Reward/object_goal_tracking_fine_grained: 0.0000
             Episode_Reward/action_rate: 0.0000
               Episode_Reward/joint_vel: 0.0000
                 Curriculum/action_rate: 0.0000
                   Curriculum/joint_vel: 0.0000
     Metrics/object_pose/position_error: 0.2301
  Metrics/object_pose/orientation_error: 3.0652
           Episode_Termination/time_out: 1.0000
    Episode_Termination/object_dropping: 0.0000
--------------------------------------------------------------------------------
                         Iteration time: 7.84s
                           Time elapsed: 00:03:06
                                    ETA: 03:19:11

################################################################################
[1m                           Learning iteration 23/1500                           [0m 

                            Total steps: 2359296 
                       Steps per second: 12544 
                        Collection time: 7.660s 
                          Learning time: 0.176s 
                        Mean value loss: 4578.5170
                    Mean surrogate loss: -0.0022
                      Mean entropy loss: 9.7137
                            Mean reward: -2282.83
                    Mean episode length: 250.00
                        Mean action std: 0.81
         Episode_Reward/reaching_object: 0.0000
          Episode_Reward/lifting_object: 0.0000
    Episode_Reward/object_goal_tracking: 0.0000
Episode_Reward/object_goal_tracking_fine_grained: 0.0000
             Episode_Reward/action_rate: 0.0000
               Episode_Reward/joint_vel: 0.0000
                 Curriculum/action_rate: 0.0000
                   Curriculum/joint_vel: 0.0000
     Metrics/object_pose/position_error: 0.2381
  Metrics/object_pose/orientation_error: 3.0661
           Episode_Termination/time_out: 1.0000
    Episode_Termination/object_dropping: 0.0000
--------------------------------------------------------------------------------
                         Iteration time: 7.84s
                           Time elapsed: 00:03:13
                                    ETA: 03:18:47

################################################################################
[1m                           Learning iteration 24/1500                           [0m 

                            Total steps: 2457600 
                       Steps per second: 12479 
                        Collection time: 7.660s 
                          Learning time: 0.217s 
                        Mean value loss: 4500.6378
                    Mean surrogate loss: -0.0022
                      Mean entropy loss: 9.6501
                            Mean reward: -2283.05
                    Mean episode length: 250.00
                        Mean action std: 0.81
         Episode_Reward/reaching_object: 0.0000
          Episode_Reward/lifting_object: 0.0000
    Episode_Reward/object_goal_tracking: 0.0000
Episode_Reward/object_goal_tracking_fine_grained: 0.0000
             Episode_Reward/action_rate: 0.0000
               Episode_Reward/joint_vel: 0.0000
                 Curriculum/action_rate: 0.0000
                   Curriculum/joint_vel: 0.0000
     Metrics/object_pose/position_error: 0.2410
  Metrics/object_pose/orientation_error: 3.0661
           Episode_Termination/time_out: 1.0000
    Episode_Termination/object_dropping: 0.0000
--------------------------------------------------------------------------------
                         Iteration time: 7.88s
                           Time elapsed: 00:03:21
                                    ETA: 03:18:27

################################################################################
[1m                           Learning iteration 25/1500                           [0m 

                            Total steps: 2555904 
                       Steps per second: 12457 
                        Collection time: 7.676s 
                          Learning time: 0.216s 
                        Mean value loss: 4457.8303
                    Mean surrogate loss: -0.0028
                      Mean entropy loss: 9.5936
                            Mean reward: -2263.74
                    Mean episode length: 250.00
                        Mean action std: 0.80
         Episode_Reward/reaching_object: 0.0000
          Episode_Reward/lifting_object: 0.0000
    Episode_Reward/object_goal_tracking: 0.0000
Episode_Reward/object_goal_tracking_fine_grained: 0.0000
             Episode_Reward/action_rate: 0.0000
               Episode_Reward/joint_vel: 0.0000
                 Curriculum/action_rate: 0.0000
                   Curriculum/joint_vel: 0.0000
     Metrics/object_pose/position_error: 0.2407
  Metrics/object_pose/orientation_error: 3.0650
           Episode_Termination/time_out: 1.0000
    Episode_Termination/object_dropping: 0.0000
--------------------------------------------------------------------------------
                         Iteration time: 7.89s
                           Time elapsed: 00:03:29
                                    ETA: 03:18:09

################################################################################
[1m                           Learning iteration 26/1500                           [0m 

                            Total steps: 2654208 
                       Steps per second: 12520 
                        Collection time: 7.640s 
                          Learning time: 0.211s 
                        Mean value loss: 4404.2702
                    Mean surrogate loss: -0.0028
                      Mean entropy loss: 9.5199
                            Mean reward: -2258.76
                    Mean episode length: 250.00
                        Mean action std: 0.80
         Episode_Reward/reaching_object: 0.0000
          Episode_Reward/lifting_object: 0.0000
    Episode_Reward/object_goal_tracking: 0.0000
Episode_Reward/object_goal_tracking_fine_grained: 0.0000
             Episode_Reward/action_rate: 0.0000
               Episode_Reward/joint_vel: 0.0000
                 Curriculum/action_rate: 0.0000
                   Curriculum/joint_vel: 0.0000
     Metrics/object_pose/position_error: 0.2348
  Metrics/object_pose/orientation_error: 3.0611
           Episode_Termination/time_out: 1.0000
    Episode_Termination/object_dropping: 0.0000
--------------------------------------------------------------------------------
                         Iteration time: 7.85s
                           Time elapsed: 00:03:37
                                    ETA: 03:17:49

################################################################################
[1m                           Learning iteration 27/1500                           [0m 

                            Total steps: 2752512 
                       Steps per second: 12473 
                        Collection time: 7.643s 
                          Learning time: 0.238s 
                        Mean value loss: 4360.4734
                    Mean surrogate loss: -0.0033
                      Mean entropy loss: 9.4620
                            Mean reward: -2274.03
                    Mean episode length: 250.00
                        Mean action std: 0.79
         Episode_Reward/reaching_object: 0.0000
          Episode_Reward/lifting_object: 0.0000
    Episode_Reward/object_goal_tracking: 0.0000
Episode_Reward/object_goal_tracking_fine_grained: 0.0000
             Episode_Reward/action_rate: 0.0000
               Episode_Reward/joint_vel: 0.0000
                 Curriculum/action_rate: 0.0000
                   Curriculum/joint_vel: 0.0000
     Metrics/object_pose/position_error: 0.2358
  Metrics/object_pose/orientation_error: 3.0575
           Episode_Termination/time_out: 1.0000
    Episode_Termination/object_dropping: 0.0000
--------------------------------------------------------------------------------
                         Iteration time: 7.88s
                           Time elapsed: 00:03:45
                                    ETA: 03:17:32

################################################################################
[1m                           Learning iteration 28/1500                           [0m 

                            Total steps: 2850816 
                       Steps per second: 12574 
                        Collection time: 7.599s 
                          Learning time: 0.219s 
                        Mean value loss: 4299.5638
                    Mean surrogate loss: -0.0036
                      Mean entropy loss: 9.4089
                            Mean reward: -2253.46
                    Mean episode length: 250.00
                        Mean action std: 0.78
         Episode_Reward/reaching_object: 0.0000
          Episode_Reward/lifting_object: 0.0000
    Episode_Reward/object_goal_tracking: 0.0000
Episode_Reward/object_goal_tracking_fine_grained: 0.0000
             Episode_Reward/action_rate: 0.0000
               Episode_Reward/joint_vel: 0.0000
                 Curriculum/action_rate: 0.0000
                   Curriculum/joint_vel: 0.0000
     Metrics/object_pose/position_error: 0.2408
  Metrics/object_pose/orientation_error: 3.0600
           Episode_Termination/time_out: 1.0000
    Episode_Termination/object_dropping: 0.0000
--------------------------------------------------------------------------------
                         Iteration time: 7.82s
                           Time elapsed: 00:03:53
                                    ETA: 03:17:12

################################################################################
[1m                           Learning iteration 29/1500                           [0m 

                            Total steps: 2949120 
                       Steps per second: 12615 
                        Collection time: 7.574s 
                          Learning time: 0.218s 
                        Mean value loss: 4281.0503
                    Mean surrogate loss: -0.0030
                      Mean entropy loss: 9.3453
                            Mean reward: -2248.77
                    Mean episode length: 250.00
                        Mean action std: 0.78
         Episode_Reward/reaching_object: 0.0000
          Episode_Reward/lifting_object: 0.0000
    Episode_Reward/object_goal_tracking: 0.0000
Episode_Reward/object_goal_tracking_fine_grained: 0.0000
             Episode_Reward/action_rate: 0.0000
               Episode_Reward/joint_vel: 0.0000
                 Curriculum/action_rate: 0.0000
                   Curriculum/joint_vel: 0.0000
     Metrics/object_pose/position_error: 0.2390
  Metrics/object_pose/orientation_error: 3.0597
           Episode_Termination/time_out: 1.0000
    Episode_Termination/object_dropping: 0.0000
--------------------------------------------------------------------------------
                         Iteration time: 7.79s
                           Time elapsed: 00:04:01
                                    ETA: 03:16:51

################################################################################
[1m                           Learning iteration 30/1500                           [0m 

                            Total steps: 3047424 
                       Steps per second: 12554 
                        Collection time: 7.612s 
                          Learning time: 0.218s 
                        Mean value loss: 4226.5167
                    Mean surrogate loss: -0.0035
                      Mean entropy loss: 9.2928
                            Mean reward: -2227.02
                    Mean episode length: 250.00
                        Mean action std: 0.77
         Episode_Reward/reaching_object: 0.0000
          Episode_Reward/lifting_object: 0.0000
    Episode_Reward/object_goal_tracking: 0.0000
Episode_Reward/object_goal_tracking_fine_grained: 0.0000
             Episode_Reward/action_rate: 0.0000
               Episode_Reward/joint_vel: 0.0000
                 Curriculum/action_rate: 0.0000
                   Curriculum/joint_vel: 0.0000
     Metrics/object_pose/position_error: 0.2379
  Metrics/object_pose/orientation_error: 3.0598
           Episode_Termination/time_out: 1.0000
    Episode_Termination/object_dropping: 0.0000
--------------------------------------------------------------------------------
                         Iteration time: 7.83s
                           Time elapsed: 00:04:08
                                    ETA: 03:16:34

################################################################################
[1m                           Learning iteration 31/1500                           [0m 

                            Total steps: 3145728 
                       Steps per second: 12584 
                        Collection time: 7.593s 
                          Learning time: 0.218s 
                        Mean value loss: 4226.2907
                    Mean surrogate loss: -0.0035
                      Mean entropy loss: 9.2238
                            Mean reward: -2229.08
                    Mean episode length: 250.00
                        Mean action std: 0.77
         Episode_Reward/reaching_object: 0.0000
          Episode_Reward/lifting_object: 0.0000
    Episode_Reward/object_goal_tracking: 0.0000
Episode_Reward/object_goal_tracking_fine_grained: 0.0000
             Episode_Reward/action_rate: 0.0000
               Episode_Reward/joint_vel: 0.0000
                 Curriculum/action_rate: 0.0000
                   Curriculum/joint_vel: 0.0000
     Metrics/object_pose/position_error: 0.2324
  Metrics/object_pose/orientation_error: 3.0623
           Episode_Termination/time_out: 1.0000
    Episode_Termination/object_dropping: 0.0000
--------------------------------------------------------------------------------
                         Iteration time: 7.81s
                           Time elapsed: 00:04:16
                                    ETA: 03:16:16

################################################################################
[1m                           Learning iteration 32/1500                           [0m 

                            Total steps: 3244032 
                       Steps per second: 12541 
                        Collection time: 7.621s 
                          Learning time: 0.217s 
                        Mean value loss: 4153.4685
                    Mean surrogate loss: -0.0021
                      Mean entropy loss: 9.1790
                            Mean reward: -2241.67
                    Mean episode length: 250.00
                        Mean action std: 0.76
         Episode_Reward/reaching_object: 0.0000
          Episode_Reward/lifting_object: 0.0000
    Episode_Reward/object_goal_tracking: 0.0000
Episode_Reward/object_goal_tracking_fine_grained: 0.0000
             Episode_Reward/action_rate: 0.0000
               Episode_Reward/joint_vel: 0.0000
                 Curriculum/action_rate: 0.0000
                   Curriculum/joint_vel: 0.0000
     Metrics/object_pose/position_error: 0.2392
  Metrics/object_pose/orientation_error: 3.0615
           Episode_Termination/time_out: 1.0000
    Episode_Termination/object_dropping: 0.0000
--------------------------------------------------------------------------------
                         Iteration time: 7.84s
                           Time elapsed: 00:04:24
                                    ETA: 03:15:59

################################################################################
[1m                           Learning iteration 33/1500                           [0m 

                            Total steps: 3342336 
                       Steps per second: 12565 
                        Collection time: 7.605s 
                          Learning time: 0.218s 
                        Mean value loss: 4123.1247
                    Mean surrogate loss: -0.0028
                      Mean entropy loss: 9.1257
                            Mean reward: -2223.02
                    Mean episode length: 250.00
                        Mean action std: 0.76
         Episode_Reward/reaching_object: 0.0000
          Episode_Reward/lifting_object: 0.0000
    Episode_Reward/object_goal_tracking: 0.0000
Episode_Reward/object_goal_tracking_fine_grained: 0.0000
             Episode_Reward/action_rate: 0.0000
               Episode_Reward/joint_vel: 0.0000
                 Curriculum/action_rate: 0.0000
                   Curriculum/joint_vel: 0.0000
     Metrics/object_pose/position_error: 0.2361
  Metrics/object_pose/orientation_error: 3.0636
           Episode_Termination/time_out: 1.0000
    Episode_Termination/object_dropping: 0.0000
--------------------------------------------------------------------------------
                         Iteration time: 7.82s
                           Time elapsed: 00:04:32
                                    ETA: 03:15:43

################################################################################
[1m                           Learning iteration 34/1500                           [0m 

                            Total steps: 3440640 
                       Steps per second: 12559 
                        Collection time: 7.609s 
                          Learning time: 0.218s 
                        Mean value loss: 4070.2516
                    Mean surrogate loss: -0.0027
                      Mean entropy loss: 9.0611
                            Mean reward: -2218.96
                    Mean episode length: 250.00
                        Mean action std: 0.75
         Episode_Reward/reaching_object: 0.0000
          Episode_Reward/lifting_object: 0.0000
    Episode_Reward/object_goal_tracking: 0.0000
Episode_Reward/object_goal_tracking_fine_grained: 0.0000
             Episode_Reward/action_rate: 0.0000
               Episode_Reward/joint_vel: 0.0000
                 Curriculum/action_rate: 0.0000
                   Curriculum/joint_vel: 0.0000
     Metrics/object_pose/position_error: 0.2397
  Metrics/object_pose/orientation_error: 3.0700
           Episode_Termination/time_out: 1.0000
    Episode_Termination/object_dropping: 0.0000
--------------------------------------------------------------------------------
                         Iteration time: 7.83s
                           Time elapsed: 00:04:40
                                    ETA: 03:15:27

################################################################################
[1m                           Learning iteration 35/1500                           [0m 

                            Total steps: 3538944 
                       Steps per second: 12539 
                        Collection time: 7.620s 
                          Learning time: 0.219s 
                        Mean value loss: 3988.9813
                    Mean surrogate loss: -0.0025
                      Mean entropy loss: 9.0163
                            Mean reward: -2205.10
                    Mean episode length: 250.00
                        Mean action std: 0.75
         Episode_Reward/reaching_object: 0.0000
          Episode_Reward/lifting_object: 0.0000
    Episode_Reward/object_goal_tracking: 0.0000
Episode_Reward/object_goal_tracking_fine_grained: 0.0000
             Episode_Reward/action_rate: 0.0000
               Episode_Reward/joint_vel: 0.0000
                 Curriculum/action_rate: 0.0000
                   Curriculum/joint_vel: 0.0000
     Metrics/object_pose/position_error: 0.2413
  Metrics/object_pose/orientation_error: 3.0613
           Episode_Termination/time_out: 1.0000
    Episode_Termination/object_dropping: 0.0000
--------------------------------------------------------------------------------
                         Iteration time: 7.84s
                           Time elapsed: 00:04:48
                                    ETA: 03:15:13

################################################################################
[1m                           Learning iteration 36/1500                           [0m 

                            Total steps: 3637248 
                       Steps per second: 12558 
                        Collection time: 7.609s 
                          Learning time: 0.218s 
                        Mean value loss: 3971.3653
                    Mean surrogate loss: -0.0015
                      Mean entropy loss: 8.9744
                            Mean reward: -2219.74
                    Mean episode length: 250.00
                        Mean action std: 0.74
         Episode_Reward/reaching_object: 0.0000
          Episode_Reward/lifting_object: 0.0000
    Episode_Reward/object_goal_tracking: 0.0000
Episode_Reward/object_goal_tracking_fine_grained: 0.0000
             Episode_Reward/action_rate: 0.0000
               Episode_Reward/joint_vel: 0.0000
                 Curriculum/action_rate: 0.0000
                   Curriculum/joint_vel: 0.0000
     Metrics/object_pose/position_error: 0.2435
  Metrics/object_pose/orientation_error: 3.0662
           Episode_Termination/time_out: 1.0000
    Episode_Termination/object_dropping: 0.0000
--------------------------------------------------------------------------------
                         Iteration time: 7.83s
                           Time elapsed: 00:04:55
                                    ETA: 03:14:58

################################################################################
[1m                           Learning iteration 37/1500                           [0m 

                            Total steps: 3735552 
                       Steps per second: 12625 
                        Collection time: 7.568s 
                          Learning time: 0.218s 
                        Mean value loss: 3943.5364
                    Mean surrogate loss: -0.0019
                      Mean entropy loss: 8.9260
                            Mean reward: -2190.07
                    Mean episode length: 250.00
                        Mean action std: 0.74
         Episode_Reward/reaching_object: 0.0000
          Episode_Reward/lifting_object: 0.0000
    Episode_Reward/object_goal_tracking: 0.0000
Episode_Reward/object_goal_tracking_fine_grained: 0.0000
             Episode_Reward/action_rate: 0.0000
               Episode_Reward/joint_vel: 0.0000
                 Curriculum/action_rate: 0.0000
                   Curriculum/joint_vel: 0.0000
     Metrics/object_pose/position_error: 0.2407
  Metrics/object_pose/orientation_error: 3.0676
           Episode_Termination/time_out: 1.0000
    Episode_Termination/object_dropping: 0.0000
--------------------------------------------------------------------------------
                         Iteration time: 7.79s
                           Time elapsed: 00:05:03
                                    ETA: 03:14:42

################################################################################
[1m                           Learning iteration 38/1500                           [0m 

                            Total steps: 3833856 
                       Steps per second: 12603 
                        Collection time: 7.582s 
                          Learning time: 0.218s 
                        Mean value loss: 3915.5841
                    Mean surrogate loss: -0.0017
                      Mean entropy loss: 8.8671
                            Mean reward: -2192.64
                    Mean episode length: 250.00
                        Mean action std: 0.73
         Episode_Reward/reaching_object: 0.0000
          Episode_Reward/lifting_object: 0.0000
    Episode_Reward/object_goal_tracking: 0.0000
Episode_Reward/object_goal_tracking_fine_grained: 0.0000
             Episode_Reward/action_rate: 0.0000
               Episode_Reward/joint_vel: 0.0000
                 Curriculum/action_rate: 0.0000
                   Curriculum/joint_vel: 0.0000
     Metrics/object_pose/position_error: 0.2408
  Metrics/object_pose/orientation_error: 3.0751
           Episode_Termination/time_out: 1.0000
    Episode_Termination/object_dropping: 0.0000
--------------------------------------------------------------------------------
                         Iteration time: 7.80s
                           Time elapsed: 00:05:11
                                    ETA: 03:14:27

################################################################################
[1m                           Learning iteration 39/1500                           [0m 

                            Total steps: 3932160 
                       Steps per second: 12491 
                        Collection time: 7.649s 
                          Learning time: 0.220s 
                        Mean value loss: 3904.8738
                    Mean surrogate loss: -0.0021
                      Mean entropy loss: 8.8264
                            Mean reward: -2196.65
                    Mean episode length: 250.00
                        Mean action std: 0.73
         Episode_Reward/reaching_object: 0.0000
          Episode_Reward/lifting_object: 0.0000
    Episode_Reward/object_goal_tracking: 0.0000
Episode_Reward/object_goal_tracking_fine_grained: 0.0000
             Episode_Reward/action_rate: 0.0000
               Episode_Reward/joint_vel: 0.0000
                 Curriculum/action_rate: 0.0000
                   Curriculum/joint_vel: 0.0000
     Metrics/object_pose/position_error: 0.2423
  Metrics/object_pose/orientation_error: 3.0745
           Episode_Termination/time_out: 1.0000
    Episode_Termination/object_dropping: 0.0000
--------------------------------------------------------------------------------
                         Iteration time: 7.87s
                           Time elapsed: 00:05:19
                                    ETA: 03:14:14

################################################################################
[1m                           Learning iteration 40/1500                           [0m 

                            Total steps: 4030464 
                       Steps per second: 12469 
                        Collection time: 7.666s 
                          Learning time: 0.218s 
                        Mean value loss: 3821.4160
                    Mean surrogate loss: -0.0017
                      Mean entropy loss: 8.7869
                            Mean reward: -2198.13
                    Mean episode length: 250.00
                        Mean action std: 0.72
         Episode_Reward/reaching_object: 0.0000
          Episode_Reward/lifting_object: 0.0000
    Episode_Reward/object_goal_tracking: 0.0000
Episode_Reward/object_goal_tracking_fine_grained: 0.0000
             Episode_Reward/action_rate: 0.0000
               Episode_Reward/joint_vel: 0.0000
                 Curriculum/action_rate: 0.0000
                   Curriculum/joint_vel: 0.0000
     Metrics/object_pose/position_error: 0.2370
  Metrics/object_pose/orientation_error: 3.0741
           Episode_Termination/time_out: 1.0000
    Episode_Termination/object_dropping: 0.0000
--------------------------------------------------------------------------------
                         Iteration time: 7.88s
                           Time elapsed: 00:05:27
                                    ETA: 03:14:03

################################################################################
[1m                           Learning iteration 41/1500                           [0m 

                            Total steps: 4128768 
                       Steps per second: 12487 
                        Collection time: 7.655s 
                          Learning time: 0.217s 
                        Mean value loss: 3792.6032
                    Mean surrogate loss: -0.0042
                      Mean entropy loss: 8.7278
                            Mean reward: -2186.91
                    Mean episode length: 250.00
                        Mean action std: 0.72
         Episode_Reward/reaching_object: 0.0000
          Episode_Reward/lifting_object: 0.0000
    Episode_Reward/object_goal_tracking: 0.0000
Episode_Reward/object_goal_tracking_fine_grained: 0.0000
             Episode_Reward/action_rate: 0.0000
               Episode_Reward/joint_vel: 0.0000
                 Curriculum/action_rate: 0.0000
                   Curriculum/joint_vel: 0.0000
     Metrics/object_pose/position_error: 0.2407
  Metrics/object_pose/orientation_error: 3.0752
           Episode_Termination/time_out: 1.0000
    Episode_Termination/object_dropping: 0.0000
--------------------------------------------------------------------------------
                         Iteration time: 7.87s
                           Time elapsed: 00:05:35
                                    ETA: 03:13:51

################################################################################
[1m                           Learning iteration 42/1500                           [0m 

                            Total steps: 4227072 
                       Steps per second: 12518 
                        Collection time: 7.635s 
                          Learning time: 0.217s 
                        Mean value loss: 3763.1255
                    Mean surrogate loss: -0.0035
                      Mean entropy loss: 8.6912
                            Mean reward: -2168.11
                    Mean episode length: 250.00
                        Mean action std: 0.72
         Episode_Reward/reaching_object: 0.0000
          Episode_Reward/lifting_object: 0.0000
    Episode_Reward/object_goal_tracking: 0.0000
Episode_Reward/object_goal_tracking_fine_grained: 0.0000
             Episode_Reward/action_rate: 0.0000
               Episode_Reward/joint_vel: 0.0000
                 Curriculum/action_rate: 0.0000
                   Curriculum/joint_vel: 0.0000
     Metrics/object_pose/position_error: 0.2429
  Metrics/object_pose/orientation_error: 3.0818
           Episode_Termination/time_out: 1.0000
    Episode_Termination/object_dropping: 0.0000
--------------------------------------------------------------------------------
                         Iteration time: 7.85s
                           Time elapsed: 00:05:42
                                    ETA: 03:13:39

################################################################################
[1m                           Learning iteration 43/1500                           [0m 

                            Total steps: 4325376 
                       Steps per second: 12515 
                        Collection time: 7.638s 
                          Learning time: 0.216s 
                        Mean value loss: 3731.4771
                    Mean surrogate loss: -0.0036
                      Mean entropy loss: 8.6540
                            Mean reward: -2173.45
                    Mean episode length: 250.00
                        Mean action std: 0.71
         Episode_Reward/reaching_object: 0.0000
          Episode_Reward/lifting_object: 0.0000
    Episode_Reward/object_goal_tracking: 0.0000
Episode_Reward/object_goal_tracking_fine_grained: 0.0000
             Episode_Reward/action_rate: 0.0000
               Episode_Reward/joint_vel: 0.0000
                 Curriculum/action_rate: 0.0000
                   Curriculum/joint_vel: 0.0000
     Metrics/object_pose/position_error: 0.2342
  Metrics/object_pose/orientation_error: 3.0794
           Episode_Termination/time_out: 1.0000
    Episode_Termination/object_dropping: 0.0000
--------------------------------------------------------------------------------
                         Iteration time: 7.85s
                           Time elapsed: 00:05:50
                                    ETA: 03:13:27

################################################################################
[1m                           Learning iteration 44/1500                           [0m 

                            Total steps: 4423680 
                       Steps per second: 12547 
                        Collection time: 7.616s 
                          Learning time: 0.218s 
                        Mean value loss: 3703.1359
                    Mean surrogate loss: -0.0023
                      Mean entropy loss: 8.6150
                            Mean reward: -2184.46
                    Mean episode length: 250.00
                        Mean action std: 0.71
         Episode_Reward/reaching_object: 0.0000
          Episode_Reward/lifting_object: 0.0000
    Episode_Reward/object_goal_tracking: 0.0000
Episode_Reward/object_goal_tracking_fine_grained: 0.0000
             Episode_Reward/action_rate: 0.0000
               Episode_Reward/joint_vel: 0.0000
                 Curriculum/action_rate: 0.0000
                   Curriculum/joint_vel: 0.0000
     Metrics/object_pose/position_error: 0.2421
  Metrics/object_pose/orientation_error: 3.0812
           Episode_Termination/time_out: 1.0000
    Episode_Termination/object_dropping: 0.0000
--------------------------------------------------------------------------------
                         Iteration time: 7.83s
                           Time elapsed: 00:05:58
                                    ETA: 03:13:14

################################################################################
[1m                           Learning iteration 45/1500                           [0m 

                            Total steps: 4521984 
                       Steps per second: 12534 
                        Collection time: 7.625s 
                          Learning time: 0.218s 
                        Mean value loss: 3658.6436
                    Mean surrogate loss: -0.0028
                      Mean entropy loss: 8.5718
                            Mean reward: -2164.05
                    Mean episode length: 250.00
                        Mean action std: 0.71
         Episode_Reward/reaching_object: 0.0000
          Episode_Reward/lifting_object: 0.0000
    Episode_Reward/object_goal_tracking: 0.0000
Episode_Reward/object_goal_tracking_fine_grained: 0.0000
             Episode_Reward/action_rate: 0.0000
               Episode_Reward/joint_vel: 0.0000
                 Curriculum/action_rate: 0.0000
                   Curriculum/joint_vel: 0.0000
     Metrics/object_pose/position_error: 0.2445
  Metrics/object_pose/orientation_error: 3.0807
           Episode_Termination/time_out: 1.0000
    Episode_Termination/object_dropping: 0.0000
--------------------------------------------------------------------------------
                         Iteration time: 7.84s
                           Time elapsed: 00:06:06
                                    ETA: 03:13:02

################################################################################
[1m                           Learning iteration 46/1500                           [0m 

                            Total steps: 4620288 
                       Steps per second: 12517 
                        Collection time: 7.634s 
                          Learning time: 0.219s 
                        Mean value loss: 3645.1054
                    Mean surrogate loss: -0.0028
                      Mean entropy loss: 8.5227
                            Mean reward: -2163.20
                    Mean episode length: 250.00
                        Mean action std: 0.70
         Episode_Reward/reaching_object: 0.0000
          Episode_Reward/lifting_object: 0.0000
    Episode_Reward/object_goal_tracking: 0.0000
Episode_Reward/object_goal_tracking_fine_grained: 0.0000
             Episode_Reward/action_rate: 0.0000
               Episode_Reward/joint_vel: 0.0000
                 Curriculum/action_rate: 0.0000
                   Curriculum/joint_vel: 0.0000
     Metrics/object_pose/position_error: 0.2433
  Metrics/object_pose/orientation_error: 3.0888
           Episode_Termination/time_out: 1.0000
    Episode_Termination/object_dropping: 0.0000
--------------------------------------------------------------------------------
                         Iteration time: 7.85s
                           Time elapsed: 00:06:14
                                    ETA: 03:12:51

################################################################################
[1m                           Learning iteration 47/1500                           [0m 

                            Total steps: 4718592 
                       Steps per second: 12516 
                        Collection time: 7.635s 
                          Learning time: 0.219s 
                        Mean value loss: 3644.6770
                    Mean surrogate loss: -0.0024
                      Mean entropy loss: 8.4754
                            Mean reward: -2174.27
                    Mean episode length: 250.00
                        Mean action std: 0.70
         Episode_Reward/reaching_object: 0.0000
          Episode_Reward/lifting_object: 0.0000
    Episode_Reward/object_goal_tracking: 0.0000
Episode_Reward/object_goal_tracking_fine_grained: 0.0000
             Episode_Reward/action_rate: 0.0000
               Episode_Reward/joint_vel: 0.0000
                 Curriculum/action_rate: 0.0000
                   Curriculum/joint_vel: 0.0000
     Metrics/object_pose/position_error: 0.2462
  Metrics/object_pose/orientation_error: 3.0888
           Episode_Termination/time_out: 1.0000
    Episode_Termination/object_dropping: 0.0000
--------------------------------------------------------------------------------
                         Iteration time: 7.85s
                           Time elapsed: 00:06:22
                                    ETA: 03:12:40

################################################################################
[1m                           Learning iteration 48/1500                           [0m 

                            Total steps: 4816896 
                       Steps per second: 12574 
                        Collection time: 7.598s 
                          Learning time: 0.220s 
                        Mean value loss: 3591.1619
                    Mean surrogate loss: -0.0044
                      Mean entropy loss: 8.4519
                            Mean reward: -2167.25
                    Mean episode length: 250.00
                        Mean action std: 0.70
         Episode_Reward/reaching_object: 0.0000
          Episode_Reward/lifting_object: 0.0000
    Episode_Reward/object_goal_tracking: 0.0000
Episode_Reward/object_goal_tracking_fine_grained: 0.0000
             Episode_Reward/action_rate: 0.0000
               Episode_Reward/joint_vel: 0.0000
                 Curriculum/action_rate: 0.0000
                   Curriculum/joint_vel: 0.0000
     Metrics/object_pose/position_error: 0.2414
  Metrics/object_pose/orientation_error: 3.0884
           Episode_Termination/time_out: 1.0000
    Episode_Termination/object_dropping: 0.0000
--------------------------------------------------------------------------------
                         Iteration time: 7.82s
                           Time elapsed: 00:06:29
                                    ETA: 03:12:28

################################################################################
[1m                           Learning iteration 49/1500                           [0m 

                            Total steps: 4915200 
                       Steps per second: 12646 
                        Collection time: 7.556s 
                          Learning time: 0.218s 
                        Mean value loss: 3547.0488
                    Mean surrogate loss: -0.0028
                      Mean entropy loss: 8.4150
                            Mean reward: -2153.39
                    Mean episode length: 250.00
                        Mean action std: 0.69
         Episode_Reward/reaching_object: 0.0000
          Episode_Reward/lifting_object: 0.0000
    Episode_Reward/object_goal_tracking: 0.0000
Episode_Reward/object_goal_tracking_fine_grained: 0.0000
             Episode_Reward/action_rate: 0.0000
               Episode_Reward/joint_vel: 0.0000
                 Curriculum/action_rate: 0.0000
                   Curriculum/joint_vel: 0.0000
     Metrics/object_pose/position_error: 0.2406
  Metrics/object_pose/orientation_error: 3.0886
           Episode_Termination/time_out: 1.0000
    Episode_Termination/object_dropping: 0.0000
--------------------------------------------------------------------------------
                         Iteration time: 7.77s
                           Time elapsed: 00:06:37
                                    ETA: 03:12:14

################################################################################
[1m                           Learning iteration 50/1500                           [0m 

                            Total steps: 5013504 
                       Steps per second: 12616 
                        Collection time: 7.574s 
                          Learning time: 0.218s 
                        Mean value loss: 3530.0786
                    Mean surrogate loss: -0.0051
                      Mean entropy loss: 8.3642
                            Mean reward: -2148.96
                    Mean episode length: 250.00
                        Mean action std: 0.69
         Episode_Reward/reaching_object: 0.0000
          Episode_Reward/lifting_object: 0.0000
    Episode_Reward/object_goal_tracking: 0.0000
Episode_Reward/object_goal_tracking_fine_grained: 0.0000
             Episode_Reward/action_rate: 0.0000
               Episode_Reward/joint_vel: 0.0000
                 Curriculum/action_rate: 0.0000
                   Curriculum/joint_vel: 0.0000
     Metrics/object_pose/position_error: 0.2400
  Metrics/object_pose/orientation_error: 3.0889
           Episode_Termination/time_out: 1.0000
    Episode_Termination/object_dropping: 0.0000
--------------------------------------------------------------------------------
                         Iteration time: 7.79s
                           Time elapsed: 00:06:45
                                    ETA: 03:12:02

################################################################################
[1m                           Learning iteration 51/1500                           [0m 

                            Total steps: 5111808 
                       Steps per second: 12618 
                        Collection time: 7.572s 
                          Learning time: 0.218s 
                        Mean value loss: 3496.8135
                    Mean surrogate loss: -0.0018
                      Mean entropy loss: 8.3523
                            Mean reward: -2151.09
                    Mean episode length: 250.00
                        Mean action std: 0.69
         Episode_Reward/reaching_object: 0.0000
          Episode_Reward/lifting_object: 0.0000
    Episode_Reward/object_goal_tracking: 0.0000
Episode_Reward/object_goal_tracking_fine_grained: 0.0000
             Episode_Reward/action_rate: 0.0000
               Episode_Reward/joint_vel: 0.0000
                 Curriculum/action_rate: 0.0000
                   Curriculum/joint_vel: 0.0000
     Metrics/object_pose/position_error: 0.2446
  Metrics/object_pose/orientation_error: 3.0827
           Episode_Termination/time_out: 1.0000
    Episode_Termination/object_dropping: 0.0000
--------------------------------------------------------------------------------
                         Iteration time: 7.79s
                           Time elapsed: 00:06:53
                                    ETA: 03:11:49

################################################################################
[1m                           Learning iteration 52/1500                           [0m 

                            Total steps: 5210112 
                       Steps per second: 12506 
                        Collection time: 7.641s 
                          Learning time: 0.219s 
                        Mean value loss: 3495.2745
                    Mean surrogate loss: -0.0038
                      Mean entropy loss: 8.3114
                            Mean reward: -2147.41
                    Mean episode length: 250.00
                        Mean action std: 0.68
         Episode_Reward/reaching_object: 0.0000
          Episode_Reward/lifting_object: 0.0000
    Episode_Reward/object_goal_tracking: 0.0000
Episode_Reward/object_goal_tracking_fine_grained: 0.0000
             Episode_Reward/action_rate: 0.0000
               Episode_Reward/joint_vel: 0.0000
                 Curriculum/action_rate: 0.0000
                   Curriculum/joint_vel: 0.0000
     Metrics/object_pose/position_error: 0.2250
  Metrics/object_pose/orientation_error: 3.0877
           Episode_Termination/time_out: 1.0000
    Episode_Termination/object_dropping: 0.0000
--------------------------------------------------------------------------------
                         Iteration time: 7.86s
                           Time elapsed: 00:07:01
                                    ETA: 03:11:39

################################################################################
[1m                           Learning iteration 53/1500                           [0m 

                            Total steps: 5308416 
                       Steps per second: 12542 
                        Collection time: 7.618s 
                          Learning time: 0.220s 
                        Mean value loss: 3475.4432
                    Mean surrogate loss: -0.0028
                      Mean entropy loss: 8.2674
                            Mean reward: -2133.24
                    Mean episode length: 250.00
                        Mean action std: 0.68
         Episode_Reward/reaching_object: 0.0000
          Episode_Reward/lifting_object: 0.0000
    Episode_Reward/object_goal_tracking: 0.0000
Episode_Reward/object_goal_tracking_fine_grained: 0.0000
             Episode_Reward/action_rate: 0.0000
               Episode_Reward/joint_vel: 0.0000
                 Curriculum/action_rate: 0.0000
                   Curriculum/joint_vel: 0.0000
     Metrics/object_pose/position_error: 0.2391
  Metrics/object_pose/orientation_error: 3.0826
           Episode_Termination/time_out: 1.0000
    Episode_Termination/object_dropping: 0.0000
--------------------------------------------------------------------------------
                         Iteration time: 7.84s
                           Time elapsed: 00:07:09
                                    ETA: 03:11:28

################################################################################
[1m                           Learning iteration 54/1500                           [0m 

                            Total steps: 5406720 
                       Steps per second: 12548 
                        Collection time: 7.616s 
                          Learning time: 0.218s 
                        Mean value loss: 3424.0156
                    Mean surrogate loss: -0.0034
                      Mean entropy loss: 8.2323
                            Mean reward: -2125.58
                    Mean episode length: 250.00
                        Mean action std: 0.68
         Episode_Reward/reaching_object: 0.0000
          Episode_Reward/lifting_object: 0.0000
    Episode_Reward/object_goal_tracking: 0.0000
Episode_Reward/object_goal_tracking_fine_grained: 0.0000
             Episode_Reward/action_rate: 0.0000
               Episode_Reward/joint_vel: 0.0000
                 Curriculum/action_rate: 0.0000
                   Curriculum/joint_vel: 0.0000
     Metrics/object_pose/position_error: 0.2404
  Metrics/object_pose/orientation_error: 3.0766
           Episode_Termination/time_out: 1.0000
    Episode_Termination/object_dropping: 0.0000
--------------------------------------------------------------------------------
                         Iteration time: 7.83s
                           Time elapsed: 00:07:16
                                    ETA: 03:11:17

################################################################################
[1m                           Learning iteration 55/1500                           [0m 

                            Total steps: 5505024 
                       Steps per second: 12557 
                        Collection time: 7.610s 
                          Learning time: 0.218s 
                        Mean value loss: 3403.4812
                    Mean surrogate loss: -0.0027
                      Mean entropy loss: 8.1982
                            Mean reward: -2141.94
                    Mean episode length: 250.00
                        Mean action std: 0.67
         Episode_Reward/reaching_object: 0.0000
          Episode_Reward/lifting_object: 0.0000
    Episode_Reward/object_goal_tracking: 0.0000
Episode_Reward/object_goal_tracking_fine_grained: 0.0000
             Episode_Reward/action_rate: 0.0000
               Episode_Reward/joint_vel: 0.0000
                 Curriculum/action_rate: 0.0000
                   Curriculum/joint_vel: 0.0000
     Metrics/object_pose/position_error: 0.2431
  Metrics/object_pose/orientation_error: 3.0811
           Episode_Termination/time_out: 1.0000
    Episode_Termination/object_dropping: 0.0000
--------------------------------------------------------------------------------
                         Iteration time: 7.83s
                           Time elapsed: 00:07:24
                                    ETA: 03:11:06

################################################################################
[1m                           Learning iteration 56/1500                           [0m 

                            Total steps: 5603328 
                       Steps per second: 12563 
                        Collection time: 7.608s 
                          Learning time: 0.217s 
                        Mean value loss: 3295.3119
                    Mean surrogate loss: -0.0031
                      Mean entropy loss: 8.1527
                            Mean reward: -2145.55
                    Mean episode length: 250.00
                        Mean action std: 0.67
         Episode_Reward/reaching_object: 0.0000
          Episode_Reward/lifting_object: 0.0000
    Episode_Reward/object_goal_tracking: 0.0000
Episode_Reward/object_goal_tracking_fine_grained: 0.0000
             Episode_Reward/action_rate: 0.0000
               Episode_Reward/joint_vel: 0.0000
                 Curriculum/action_rate: 0.0000
                   Curriculum/joint_vel: 0.0000
     Metrics/object_pose/position_error: 0.2366
  Metrics/object_pose/orientation_error: 3.0809
           Episode_Termination/time_out: 1.0000
    Episode_Termination/object_dropping: 0.0000
--------------------------------------------------------------------------------
                         Iteration time: 7.82s
                           Time elapsed: 00:07:32
                                    ETA: 03:10:55

################################################################################
[1m                           Learning iteration 57/1500                           [0m 

                            Total steps: 5701632 
                       Steps per second: 12520 
                        Collection time: 7.632s 
                          Learning time: 0.219s 
                        Mean value loss: 3325.0008
                    Mean surrogate loss: -0.0029
                      Mean entropy loss: 8.1030
                            Mean reward: -2128.77
                    Mean episode length: 250.00
                        Mean action std: 0.67
         Episode_Reward/reaching_object: 0.0000
          Episode_Reward/lifting_object: 0.0000
    Episode_Reward/object_goal_tracking: 0.0000
Episode_Reward/object_goal_tracking_fine_grained: 0.0000
             Episode_Reward/action_rate: 0.0000
               Episode_Reward/joint_vel: 0.0000
                 Curriculum/action_rate: 0.0000
                   Curriculum/joint_vel: 0.0000
     Metrics/object_pose/position_error: 0.2373
  Metrics/object_pose/orientation_error: 3.0825
           Episode_Termination/time_out: 1.0000
    Episode_Termination/object_dropping: 0.0000
--------------------------------------------------------------------------------
                         Iteration time: 7.85s
                           Time elapsed: 00:07:40
                                    ETA: 03:10:45

################################################################################
[1m                           Learning iteration 58/1500                           [0m 

                            Total steps: 5799936 
                       Steps per second: 12579 
                        Collection time: 7.597s 
                          Learning time: 0.218s 
                        Mean value loss: 3279.1049
                    Mean surrogate loss: -0.0024
                      Mean entropy loss: 8.0737
                            Mean reward: -2147.41
                    Mean episode length: 250.00
                        Mean action std: 0.67
         Episode_Reward/reaching_object: 0.0000
          Episode_Reward/lifting_object: 0.0000
    Episode_Reward/object_goal_tracking: 0.0000
Episode_Reward/object_goal_tracking_fine_grained: 0.0000
             Episode_Reward/action_rate: 0.0000
               Episode_Reward/joint_vel: 0.0000
                 Curriculum/action_rate: 0.0000
                   Curriculum/joint_vel: 0.0000
     Metrics/object_pose/position_error: 0.2385
  Metrics/object_pose/orientation_error: 3.0786
           Episode_Termination/time_out: 1.0000
    Episode_Termination/object_dropping: 0.0000
--------------------------------------------------------------------------------
                         Iteration time: 7.81s
                           Time elapsed: 00:07:48
                                    ETA: 03:10:34

################################################################################
[1m                           Learning iteration 59/1500                           [0m 

                            Total steps: 5898240 
                       Steps per second: 12530 
                        Collection time: 7.628s 
                          Learning time: 0.218s 
                        Mean value loss: 3238.8390
                    Mean surrogate loss: -0.0029
                      Mean entropy loss: 8.0518
                            Mean reward: -2124.31
                    Mean episode length: 250.00
                        Mean action std: 0.66
         Episode_Reward/reaching_object: 0.0000
          Episode_Reward/lifting_object: 0.0000
    Episode_Reward/object_goal_tracking: 0.0000
Episode_Reward/object_goal_tracking_fine_grained: 0.0000
             Episode_Reward/action_rate: 0.0000
               Episode_Reward/joint_vel: 0.0000
                 Curriculum/action_rate: 0.0000
                   Curriculum/joint_vel: 0.0000
     Metrics/object_pose/position_error: 0.2300
  Metrics/object_pose/orientation_error: 3.0841
           Episode_Termination/time_out: 1.0000
    Episode_Termination/object_dropping: 0.0000
--------------------------------------------------------------------------------
                         Iteration time: 7.85s
                           Time elapsed: 00:07:56
                                    ETA: 03:10:24

################################################################################
[1m                           Learning iteration 60/1500                           [0m 

                            Total steps: 5996544 
                       Steps per second: 12587 
                        Collection time: 7.593s 
                          Learning time: 0.217s 
                        Mean value loss: 3211.5124
                    Mean surrogate loss: -0.0027
                      Mean entropy loss: 7.9944
                            Mean reward: -2152.84
                    Mean episode length: 250.00
                        Mean action std: 0.66
         Episode_Reward/reaching_object: 0.0000
          Episode_Reward/lifting_object: 0.0000
    Episode_Reward/object_goal_tracking: 0.0000
Episode_Reward/object_goal_tracking_fine_grained: 0.0000
             Episode_Reward/action_rate: 0.0000
               Episode_Reward/joint_vel: 0.0000
                 Curriculum/action_rate: 0.0000
                   Curriculum/joint_vel: 0.0000
     Metrics/object_pose/position_error: 0.2429
  Metrics/object_pose/orientation_error: 3.0811
           Episode_Termination/time_out: 1.0000
    Episode_Termination/object_dropping: 0.0000
--------------------------------------------------------------------------------
                         Iteration time: 7.81s
                           Time elapsed: 00:08:03
                                    ETA: 03:10:13

################################################################################
[1m                           Learning iteration 61/1500                           [0m 

                            Total steps: 6094848 
                       Steps per second: 12554 
                        Collection time: 7.613s 
                          Learning time: 0.217s 
                        Mean value loss: 3198.4327
                    Mean surrogate loss: -0.0044
                      Mean entropy loss: 7.9731
                            Mean reward: -2126.66
                    Mean episode length: 250.00
                        Mean action std: 0.66
         Episode_Reward/reaching_object: 0.0000
          Episode_Reward/lifting_object: 0.0000
    Episode_Reward/object_goal_tracking: 0.0000
Episode_Reward/object_goal_tracking_fine_grained: 0.0000
             Episode_Reward/action_rate: 0.0000
               Episode_Reward/joint_vel: 0.0000
                 Curriculum/action_rate: 0.0000
                   Curriculum/joint_vel: 0.0000
     Metrics/object_pose/position_error: 0.2371
  Metrics/object_pose/orientation_error: 3.0816
           Episode_Termination/time_out: 1.0000
    Episode_Termination/object_dropping: 0.0000
--------------------------------------------------------------------------------
                         Iteration time: 7.83s
                           Time elapsed: 00:08:11
                                    ETA: 03:10:03

################################################################################
[1m                           Learning iteration 62/1500                           [0m 

                            Total steps: 6193152 
                       Steps per second: 12546 
                        Collection time: 7.618s 
                          Learning time: 0.217s 
                        Mean value loss: 3189.4974
                    Mean surrogate loss: -0.0031
                      Mean entropy loss: 7.9374
                            Mean reward: -2112.07
                    Mean episode length: 250.00
                        Mean action std: 0.65
         Episode_Reward/reaching_object: 0.0000
          Episode_Reward/lifting_object: 0.0000
    Episode_Reward/object_goal_tracking: 0.0000
Episode_Reward/object_goal_tracking_fine_grained: 0.0000
             Episode_Reward/action_rate: 0.0000
               Episode_Reward/joint_vel: 0.0000
                 Curriculum/action_rate: 0.0000
                   Curriculum/joint_vel: 0.0000
     Metrics/object_pose/position_error: 0.2370
  Metrics/object_pose/orientation_error: 3.0818
           Episode_Termination/time_out: 1.0000
    Episode_Termination/object_dropping: 0.0000
--------------------------------------------------------------------------------
                         Iteration time: 7.84s
                           Time elapsed: 00:08:19
                                    ETA: 03:09:53

################################################################################
[1m                           Learning iteration 63/1500                           [0m 

                            Total steps: 6291456 
                       Steps per second: 12521 
                        Collection time: 7.634s 
                          Learning time: 0.217s 
                        Mean value loss: 3114.0223
                    Mean surrogate loss: -0.0050
                      Mean entropy loss: 7.9167
                            Mean reward: -2147.34
                    Mean episode length: 250.00
                        Mean action std: 0.65
         Episode_Reward/reaching_object: 0.0000
          Episode_Reward/lifting_object: 0.0000
    Episode_Reward/object_goal_tracking: 0.0000
Episode_Reward/object_goal_tracking_fine_grained: 0.0000
             Episode_Reward/action_rate: 0.0000
               Episode_Reward/joint_vel: 0.0000
                 Curriculum/action_rate: 0.0000
                   Curriculum/joint_vel: 0.0000
     Metrics/object_pose/position_error: 0.2353
  Metrics/object_pose/orientation_error: 3.0867
           Episode_Termination/time_out: 1.0000
    Episode_Termination/object_dropping: 0.0000
--------------------------------------------------------------------------------
                         Iteration time: 7.85s
                           Time elapsed: 00:08:27
                                    ETA: 03:09:43

################################################################################
[1m                           Learning iteration 64/1500                           [0m 

                            Total steps: 6389760 
                       Steps per second: 12525 
                        Collection time: 7.628s 
                          Learning time: 0.221s 
                        Mean value loss: 3112.1136
                    Mean surrogate loss: -0.0039
                      Mean entropy loss: 7.8807
                            Mean reward: -2114.65
                    Mean episode length: 250.00
                        Mean action std: 0.65
         Episode_Reward/reaching_object: 0.0000
          Episode_Reward/lifting_object: 0.0000
    Episode_Reward/object_goal_tracking: 0.0000
Episode_Reward/object_goal_tracking_fine_grained: 0.0000
             Episode_Reward/action_rate: 0.0000
               Episode_Reward/joint_vel: 0.0000
                 Curriculum/action_rate: 0.0000
                   Curriculum/joint_vel: 0.0000
     Metrics/object_pose/position_error: 0.2348
  Metrics/object_pose/orientation_error: 3.0834
           Episode_Termination/time_out: 1.0000
    Episode_Termination/object_dropping: 0.0000
--------------------------------------------------------------------------------
                         Iteration time: 7.85s
                           Time elapsed: 00:08:35
                                    ETA: 03:09:34

################################################################################
[1m                           Learning iteration 65/1500                           [0m 

                            Total steps: 6488064 
                       Steps per second: 12576 
                        Collection time: 7.598s 
                          Learning time: 0.218s 
                        Mean value loss: 3103.1299
                    Mean surrogate loss: -0.0050
                      Mean entropy loss: 7.8632
                            Mean reward: -2109.26
                    Mean episode length: 250.00
                        Mean action std: 0.65
         Episode_Reward/reaching_object: 0.0000
          Episode_Reward/lifting_object: 0.0000
    Episode_Reward/object_goal_tracking: 0.0000
Episode_Reward/object_goal_tracking_fine_grained: 0.0000
             Episode_Reward/action_rate: 0.0000
               Episode_Reward/joint_vel: 0.0000
                 Curriculum/action_rate: 0.0000
                   Curriculum/joint_vel: 0.0000
     Metrics/object_pose/position_error: 0.2361
  Metrics/object_pose/orientation_error: 3.0794
           Episode_Termination/time_out: 1.0000
    Episode_Termination/object_dropping: 0.0000
--------------------------------------------------------------------------------
                         Iteration time: 7.82s
                           Time elapsed: 00:08:43
                                    ETA: 03:09:23

################################################################################
[1m                           Learning iteration 66/1500                           [0m 

                            Total steps: 6586368 
                       Steps per second: 12641 
                        Collection time: 7.559s 
                          Learning time: 0.217s 
                        Mean value loss: 3074.5554
                    Mean surrogate loss: -0.0040
                      Mean entropy loss: 7.8370
                            Mean reward: -2129.49
                    Mean episode length: 250.00
                        Mean action std: 0.65
         Episode_Reward/reaching_object: 0.0000
          Episode_Reward/lifting_object: 0.0000
    Episode_Reward/object_goal_tracking: 0.0000
Episode_Reward/object_goal_tracking_fine_grained: 0.0000
             Episode_Reward/action_rate: 0.0000
               Episode_Reward/joint_vel: 0.0000
                 Curriculum/action_rate: 0.0000
                   Curriculum/joint_vel: 0.0000
     Metrics/object_pose/position_error: 0.2368
  Metrics/object_pose/orientation_error: 3.0816
           Episode_Termination/time_out: 1.0000
    Episode_Termination/object_dropping: 0.0000
--------------------------------------------------------------------------------
                         Iteration time: 7.78s
                           Time elapsed: 00:08:50
                                    ETA: 03:09:12

################################################################################
[1m                           Learning iteration 67/1500                           [0m 

                            Total steps: 6684672 
                       Steps per second: 12553 
                        Collection time: 7.613s 
                          Learning time: 0.218s 
                        Mean value loss: 3080.5783
                    Mean surrogate loss: -0.0045
                      Mean entropy loss: 7.8087
                            Mean reward: -2122.96
                    Mean episode length: 250.00
                        Mean action std: 0.64
         Episode_Reward/reaching_object: 0.0000
          Episode_Reward/lifting_object: 0.0000
    Episode_Reward/object_goal_tracking: 0.0000
Episode_Reward/object_goal_tracking_fine_grained: 0.0000
             Episode_Reward/action_rate: 0.0000
               Episode_Reward/joint_vel: 0.0000
                 Curriculum/action_rate: 0.0000
                   Curriculum/joint_vel: 0.0000
     Metrics/object_pose/position_error: 0.2376
  Metrics/object_pose/orientation_error: 3.0836
           Episode_Termination/time_out: 1.0000
    Episode_Termination/object_dropping: 0.0000
--------------------------------------------------------------------------------
                         Iteration time: 7.83s
                           Time elapsed: 00:08:58
                                    ETA: 03:09:02

################################################################################
[1m                           Learning iteration 68/1500                           [0m 

                            Total steps: 6782976 
                       Steps per second: 12544 
                        Collection time: 7.619s 
                          Learning time: 0.218s 
                        Mean value loss: 3096.7858
                    Mean surrogate loss: -0.0047
                      Mean entropy loss: 7.7972
                            Mean reward: -2115.90
                    Mean episode length: 250.00
                        Mean action std: 0.64
         Episode_Reward/reaching_object: 0.0000
          Episode_Reward/lifting_object: 0.0000
    Episode_Reward/object_goal_tracking: 0.0000
Episode_Reward/object_goal_tracking_fine_grained: 0.0000
             Episode_Reward/action_rate: 0.0000
               Episode_Reward/joint_vel: 0.0000
                 Curriculum/action_rate: 0.0000
                   Curriculum/joint_vel: 0.0000
     Metrics/object_pose/position_error: 0.2317
  Metrics/object_pose/orientation_error: 3.0802
           Episode_Termination/time_out: 1.0000
    Episode_Termination/object_dropping: 0.0000
--------------------------------------------------------------------------------
                         Iteration time: 7.84s
                           Time elapsed: 00:09:06
                                    ETA: 03:08:53

################################################################################
[1m                           Learning iteration 69/1500                           [0m 

                            Total steps: 6881280 
                       Steps per second: 12520 
                        Collection time: 7.633s 
                          Learning time: 0.219s 
                        Mean value loss: 3042.1847
                    Mean surrogate loss: -0.0080
                      Mean entropy loss: 7.7400
                            Mean reward: -2115.75
                    Mean episode length: 250.00
                        Mean action std: 0.64
         Episode_Reward/reaching_object: 0.0000
          Episode_Reward/lifting_object: 0.0000
    Episode_Reward/object_goal_tracking: 0.0000
Episode_Reward/object_goal_tracking_fine_grained: 0.0000
             Episode_Reward/action_rate: 0.0000
               Episode_Reward/joint_vel: 0.0000
                 Curriculum/action_rate: 0.0000
                   Curriculum/joint_vel: 0.0000
     Metrics/object_pose/position_error: 0.2380
  Metrics/object_pose/orientation_error: 3.0868
           Episode_Termination/time_out: 1.0000
    Episode_Termination/object_dropping: 0.0000
--------------------------------------------------------------------------------
                         Iteration time: 7.85s
                           Time elapsed: 00:09:14
                                    ETA: 03:08:43

################################################################################
[1m                           Learning iteration 70/1500                           [0m 

                            Total steps: 6979584 
                       Steps per second: 12529 
                        Collection time: 7.629s 
                          Learning time: 0.217s 
                        Mean value loss: 2999.3033
                    Mean surrogate loss: -0.0048
                      Mean entropy loss: 7.6755
                            Mean reward: -2112.91
                    Mean episode length: 250.00
                        Mean action std: 0.63
         Episode_Reward/reaching_object: 0.0000
          Episode_Reward/lifting_object: 0.0000
    Episode_Reward/object_goal_tracking: 0.0000
Episode_Reward/object_goal_tracking_fine_grained: 0.0000
             Episode_Reward/action_rate: 0.0000
               Episode_Reward/joint_vel: 0.0000
                 Curriculum/action_rate: 0.0000
                   Curriculum/joint_vel: 0.0000
     Metrics/object_pose/position_error: 0.2377
  Metrics/object_pose/orientation_error: 3.0880
           Episode_Termination/time_out: 1.0000
    Episode_Termination/object_dropping: 0.0000
--------------------------------------------------------------------------------
                         Iteration time: 7.85s
                           Time elapsed: 00:09:22
                                    ETA: 03:08:34

################################################################################
[1m                           Learning iteration 71/1500                           [0m 

                            Total steps: 7077888 
                       Steps per second: 12534 
                        Collection time: 7.625s 
                          Learning time: 0.218s 
                        Mean value loss: 2972.7241
                    Mean surrogate loss: -0.0082
                      Mean entropy loss: 7.6270
                            Mean reward: -2113.85
                    Mean episode length: 250.00
                        Mean action std: 0.63
         Episode_Reward/reaching_object: 0.0000
          Episode_Reward/lifting_object: 0.0000
    Episode_Reward/object_goal_tracking: 0.0000
Episode_Reward/object_goal_tracking_fine_grained: 0.0000
             Episode_Reward/action_rate: 0.0000
               Episode_Reward/joint_vel: 0.0000
                 Curriculum/action_rate: 0.0000
                   Curriculum/joint_vel: 0.0000
     Metrics/object_pose/position_error: 0.2399
  Metrics/object_pose/orientation_error: 3.0825
           Episode_Termination/time_out: 1.0000
    Episode_Termination/object_dropping: 0.0000
--------------------------------------------------------------------------------
                         Iteration time: 7.84s
                           Time elapsed: 00:09:30
                                    ETA: 03:08:25

################################################################################
[1m                           Learning iteration 72/1500                           [0m 

                            Total steps: 7176192 
                       Steps per second: 12583 
                        Collection time: 7.594s 
                          Learning time: 0.217s 
                        Mean value loss: 2760.4795
                    Mean surrogate loss: -0.0047
                      Mean entropy loss: 7.5590
                            Mean reward: -2077.37
                    Mean episode length: 250.00
                        Mean action std: 0.62
         Episode_Reward/reaching_object: 0.0000
          Episode_Reward/lifting_object: 0.0000
    Episode_Reward/object_goal_tracking: 0.0000
Episode_Reward/object_goal_tracking_fine_grained: 0.0000
             Episode_Reward/action_rate: 0.0000
               Episode_Reward/joint_vel: 0.0000
                 Curriculum/action_rate: 0.0000
                   Curriculum/joint_vel: 0.0000
     Metrics/object_pose/position_error: 0.2309
  Metrics/object_pose/orientation_error: 3.0842
           Episode_Termination/time_out: 1.0000
    Episode_Termination/object_dropping: 0.0000
--------------------------------------------------------------------------------
                         Iteration time: 7.81s
                           Time elapsed: 00:09:37
                                    ETA: 03:08:15

################################################################################
[1m                           Learning iteration 73/1500                           [0m 

                            Total steps: 7274496 
                       Steps per second: 12599 
                        Collection time: 7.583s 
                          Learning time: 0.219s 
                        Mean value loss: 2762.1497
                    Mean surrogate loss: -0.0051
                      Mean entropy loss: 7.5335
                            Mean reward: -2094.53
                    Mean episode length: 250.00
                        Mean action std: 0.62
         Episode_Reward/reaching_object: 0.0000
          Episode_Reward/lifting_object: 0.0000
    Episode_Reward/object_goal_tracking: 0.0000
Episode_Reward/object_goal_tracking_fine_grained: 0.0000
             Episode_Reward/action_rate: 0.0000
               Episode_Reward/joint_vel: 0.0000
                 Curriculum/action_rate: 0.0000
                   Curriculum/joint_vel: 0.0000
     Metrics/object_pose/position_error: 0.2353
  Metrics/object_pose/orientation_error: 3.0804
           Episode_Termination/time_out: 1.0000
    Episode_Termination/object_dropping: 0.0000
--------------------------------------------------------------------------------
                         Iteration time: 7.80s
                           Time elapsed: 00:09:45
                                    ETA: 03:08:04

################################################################################
[1m                           Learning iteration 74/1500                           [0m 

                            Total steps: 7372800 
                       Steps per second: 12503 
                        Collection time: 7.643s 
                          Learning time: 0.219s 
                        Mean value loss: 2750.3031
                    Mean surrogate loss: -0.0053
                      Mean entropy loss: 7.4960
                            Mean reward: -2098.83
                    Mean episode length: 250.00
                        Mean action std: 0.62
         Episode_Reward/reaching_object: 0.0000
          Episode_Reward/lifting_object: 0.0000
    Episode_Reward/object_goal_tracking: 0.0000
Episode_Reward/object_goal_tracking_fine_grained: 0.0000
             Episode_Reward/action_rate: 0.0000
               Episode_Reward/joint_vel: 0.0000
                 Curriculum/action_rate: 0.0000
                   Curriculum/joint_vel: 0.0000
     Metrics/object_pose/position_error: 0.2366
  Metrics/object_pose/orientation_error: 3.0812
           Episode_Termination/time_out: 1.0000
    Episode_Termination/object_dropping: 0.0000
--------------------------------------------------------------------------------
                         Iteration time: 7.86s
                           Time elapsed: 00:09:53
                                    ETA: 03:07:56

################################################################################
[1m                           Learning iteration 75/1500                           [0m 

                            Total steps: 7471104 
                       Steps per second: 12535 
                        Collection time: 7.623s 
                          Learning time: 0.219s 
                        Mean value loss: 2642.2670
                    Mean surrogate loss: -0.0084
                      Mean entropy loss: 7.4377
                            Mean reward: -2092.68
                    Mean episode length: 250.00
                        Mean action std: 0.61
         Episode_Reward/reaching_object: 0.0000
          Episode_Reward/lifting_object: 0.0000
    Episode_Reward/object_goal_tracking: 0.0000
Episode_Reward/object_goal_tracking_fine_grained: 0.0000
             Episode_Reward/action_rate: 0.0000
               Episode_Reward/joint_vel: 0.0000
                 Curriculum/action_rate: 0.0000
                   Curriculum/joint_vel: 0.0000
     Metrics/object_pose/position_error: 0.2283
  Metrics/object_pose/orientation_error: 3.0763
           Episode_Termination/time_out: 1.0000
    Episode_Termination/object_dropping: 0.0000
--------------------------------------------------------------------------------
                         Iteration time: 7.84s
                           Time elapsed: 00:10:01
                                    ETA: 03:07:46

################################################################################
[1m                           Learning iteration 76/1500                           [0m 

                            Total steps: 7569408 
                       Steps per second: 12516 
                        Collection time: 7.636s 
                          Learning time: 0.218s 
                        Mean value loss: 2603.0874
                    Mean surrogate loss: -0.0041
                      Mean entropy loss: 7.3801
                            Mean reward: -2110.47
                    Mean episode length: 250.00
                        Mean action std: 0.61
         Episode_Reward/reaching_object: 0.0000
          Episode_Reward/lifting_object: 0.0000
    Episode_Reward/object_goal_tracking: 0.0000
Episode_Reward/object_goal_tracking_fine_grained: 0.0000
             Episode_Reward/action_rate: 0.0000
               Episode_Reward/joint_vel: 0.0000
                 Curriculum/action_rate: 0.0000
                   Curriculum/joint_vel: 0.0000
     Metrics/object_pose/position_error: 0.2349
  Metrics/object_pose/orientation_error: 3.0821
           Episode_Termination/time_out: 1.0000
    Episode_Termination/object_dropping: 0.0000
--------------------------------------------------------------------------------
                         Iteration time: 7.85s
                           Time elapsed: 00:10:09
                                    ETA: 03:07:37

################################################################################
[1m                           Learning iteration 77/1500                           [0m 

                            Total steps: 7667712 
                       Steps per second: 12486 
                        Collection time: 7.655s 
                          Learning time: 0.218s 
                        Mean value loss: 2577.0070
                    Mean surrogate loss: -0.0079
                      Mean entropy loss: 7.3282
                            Mean reward: -2062.60
                    Mean episode length: 250.00
                        Mean action std: 0.60
         Episode_Reward/reaching_object: 0.0000
          Episode_Reward/lifting_object: 0.0000
    Episode_Reward/object_goal_tracking: 0.0000
Episode_Reward/object_goal_tracking_fine_grained: 0.0000
             Episode_Reward/action_rate: 0.0000
               Episode_Reward/joint_vel: 0.0000
                 Curriculum/action_rate: 0.0000
                   Curriculum/joint_vel: 0.0000
     Metrics/object_pose/position_error: 0.2358
  Metrics/object_pose/orientation_error: 3.0798
           Episode_Termination/time_out: 1.0000
    Episode_Termination/object_dropping: 0.0000
--------------------------------------------------------------------------------
                         Iteration time: 7.87s
                           Time elapsed: 00:10:17
                                    ETA: 03:07:29

################################################################################
[1m                           Learning iteration 78/1500                           [0m 

                            Total steps: 7766016 
                       Steps per second: 12603 
                        Collection time: 7.583s 
                          Learning time: 0.216s 
                        Mean value loss: 2535.5209
                    Mean surrogate loss: -0.0086
                      Mean entropy loss: 7.2666
                            Mean reward: -2075.88
                    Mean episode length: 250.00
                        Mean action std: 0.60
         Episode_Reward/reaching_object: 0.0000
          Episode_Reward/lifting_object: 0.0000
    Episode_Reward/object_goal_tracking: 0.0000
Episode_Reward/object_goal_tracking_fine_grained: 0.0000
             Episode_Reward/action_rate: 0.0000
               Episode_Reward/joint_vel: 0.0000
                 Curriculum/action_rate: 0.0000
                   Curriculum/joint_vel: 0.0000
     Metrics/object_pose/position_error: 0.2427
  Metrics/object_pose/orientation_error: 3.0805
           Episode_Termination/time_out: 1.0000
    Episode_Termination/object_dropping: 0.0000
--------------------------------------------------------------------------------
                         Iteration time: 7.80s
                           Time elapsed: 00:10:24
                                    ETA: 03:07:19

################################################################################
[1m                           Learning iteration 79/1500                           [0m 

                            Total steps: 7864320 
                       Steps per second: 12598 
                        Collection time: 7.586s 
                          Learning time: 0.217s 
                        Mean value loss: 2460.4220
                    Mean surrogate loss: -0.0085
                      Mean entropy loss: 7.2228
                            Mean reward: -2068.39
                    Mean episode length: 250.00
                        Mean action std: 0.60
         Episode_Reward/reaching_object: 0.0000
          Episode_Reward/lifting_object: 0.0000
    Episode_Reward/object_goal_tracking: 0.0000
Episode_Reward/object_goal_tracking_fine_grained: 0.0000
             Episode_Reward/action_rate: 0.0000
               Episode_Reward/joint_vel: 0.0000
                 Curriculum/action_rate: 0.0000
                   Curriculum/joint_vel: 0.0000
     Metrics/object_pose/position_error: 0.2395
  Metrics/object_pose/orientation_error: 3.0774
           Episode_Termination/time_out: 1.0000
    Episode_Termination/object_dropping: 0.0000
--------------------------------------------------------------------------------
                         Iteration time: 7.80s
                           Time elapsed: 00:10:32
                                    ETA: 03:07:09

################################################################################
[1m                           Learning iteration 80/1500                           [0m 

                            Total steps: 7962624 
                       Steps per second: 12550 
                        Collection time: 7.615s 
                          Learning time: 0.217s 
                        Mean value loss: 2432.9514
                    Mean surrogate loss: -0.0064
                      Mean entropy loss: 7.1769
                            Mean reward: -2082.52
                    Mean episode length: 250.00
                        Mean action std: 0.59
         Episode_Reward/reaching_object: 0.0000
          Episode_Reward/lifting_object: 0.0000
    Episode_Reward/object_goal_tracking: 0.0000
Episode_Reward/object_goal_tracking_fine_grained: 0.0000
             Episode_Reward/action_rate: 0.0000
               Episode_Reward/joint_vel: 0.0000
                 Curriculum/action_rate: 0.0000
                   Curriculum/joint_vel: 0.0000
     Metrics/object_pose/position_error: 0.2333
  Metrics/object_pose/orientation_error: 3.0808
           Episode_Termination/time_out: 1.0000
    Episode_Termination/object_dropping: 0.0000
--------------------------------------------------------------------------------
                         Iteration time: 7.83s
                           Time elapsed: 00:10:40
                                    ETA: 03:07:00

################################################################################
[1m                           Learning iteration 81/1500                           [0m 

                            Total steps: 8060928 
                       Steps per second: 12589 
                        Collection time: 7.592s 
                          Learning time: 0.217s 
                        Mean value loss: 2419.9787
                    Mean surrogate loss: -0.0078
                      Mean entropy loss: 7.1098
                            Mean reward: -2066.16
                    Mean episode length: 250.00
                        Mean action std: 0.59
         Episode_Reward/reaching_object: 0.0000
          Episode_Reward/lifting_object: 0.0000
    Episode_Reward/object_goal_tracking: 0.0000
Episode_Reward/object_goal_tracking_fine_grained: 0.0000
             Episode_Reward/action_rate: 0.0000
               Episode_Reward/joint_vel: 0.0000
                 Curriculum/action_rate: 0.0000
                   Curriculum/joint_vel: 0.0000
     Metrics/object_pose/position_error: 0.2385
  Metrics/object_pose/orientation_error: 3.0773
           Episode_Termination/time_out: 1.0000
    Episode_Termination/object_dropping: 0.0000
--------------------------------------------------------------------------------
                         Iteration time: 7.81s
                           Time elapsed: 00:10:48
                                    ETA: 03:06:50

################################################################################
[1m                           Learning iteration 82/1500                           [0m 

                            Total steps: 8159232 
                       Steps per second: 12605 
                        Collection time: 7.581s 
                          Learning time: 0.217s 
                        Mean value loss: 2307.1000
                    Mean surrogate loss: -0.0050
                      Mean entropy loss: 7.0570
                            Mean reward: -2069.23
                    Mean episode length: 250.00
                        Mean action std: 0.59
         Episode_Reward/reaching_object: 0.0000
          Episode_Reward/lifting_object: 0.0000
    Episode_Reward/object_goal_tracking: 0.0000
Episode_Reward/object_goal_tracking_fine_grained: 0.0000
             Episode_Reward/action_rate: 0.0000
               Episode_Reward/joint_vel: 0.0000
                 Curriculum/action_rate: 0.0000
                   Curriculum/joint_vel: 0.0000
     Metrics/object_pose/position_error: 0.2300
  Metrics/object_pose/orientation_error: 3.0765
           Episode_Termination/time_out: 1.0000
    Episode_Termination/object_dropping: 0.0000
--------------------------------------------------------------------------------
                         Iteration time: 7.80s
                           Time elapsed: 00:10:56
                                    ETA: 03:06:40

################################################################################
[1m                           Learning iteration 83/1500                           [0m 

                            Total steps: 8257536 
                       Steps per second: 12562 
                        Collection time: 7.608s 
                          Learning time: 0.217s 
                        Mean value loss: 2290.5585
                    Mean surrogate loss: -0.0073
                      Mean entropy loss: 7.0120
                            Mean reward: -2065.26
                    Mean episode length: 250.00
                        Mean action std: 0.58
         Episode_Reward/reaching_object: 0.0000
          Episode_Reward/lifting_object: 0.0000
    Episode_Reward/object_goal_tracking: 0.0000
Episode_Reward/object_goal_tracking_fine_grained: 0.0000
             Episode_Reward/action_rate: 0.0000
               Episode_Reward/joint_vel: 0.0000
                 Curriculum/action_rate: 0.0000
                   Curriculum/joint_vel: 0.0000
     Metrics/object_pose/position_error: 0.2308
  Metrics/object_pose/orientation_error: 3.0765
           Episode_Termination/time_out: 1.0000
    Episode_Termination/object_dropping: 0.0000
--------------------------------------------------------------------------------
                         Iteration time: 7.82s
                           Time elapsed: 00:11:03
                                    ETA: 03:06:31

################################################################################
[1m                           Learning iteration 84/1500                           [0m 

                            Total steps: 8355840 
                       Steps per second: 12557 
                        Collection time: 7.611s 
                          Learning time: 0.217s 
                        Mean value loss: 2283.3654
                    Mean surrogate loss: -0.0088
                      Mean entropy loss: 6.9513
                            Mean reward: -2043.51
                    Mean episode length: 250.00
                        Mean action std: 0.58
         Episode_Reward/reaching_object: 0.0000
          Episode_Reward/lifting_object: 0.0000
    Episode_Reward/object_goal_tracking: 0.0000
Episode_Reward/object_goal_tracking_fine_grained: 0.0000
             Episode_Reward/action_rate: 0.0000
               Episode_Reward/joint_vel: 0.0000
                 Curriculum/action_rate: 0.0000
                   Curriculum/joint_vel: 0.0000
     Metrics/object_pose/position_error: 0.2308
  Metrics/object_pose/orientation_error: 3.0770
           Episode_Termination/time_out: 1.0000
    Episode_Termination/object_dropping: 0.0000
--------------------------------------------------------------------------------
                         Iteration time: 7.83s
                           Time elapsed: 00:11:11
                                    ETA: 03:06:22

################################################################################
[1m                           Learning iteration 85/1500                           [0m 

                            Total steps: 8454144 
                       Steps per second: 12560 
                        Collection time: 7.610s 
                          Learning time: 0.217s 
                        Mean value loss: 2232.5151
                    Mean surrogate loss: -0.0090
                      Mean entropy loss: 6.9021
                            Mean reward: -2056.00
                    Mean episode length: 250.00
                        Mean action std: 0.57
         Episode_Reward/reaching_object: 0.0000
          Episode_Reward/lifting_object: 0.0000
    Episode_Reward/object_goal_tracking: 0.0000
Episode_Reward/object_goal_tracking_fine_grained: 0.0000
             Episode_Reward/action_rate: 0.0000
               Episode_Reward/joint_vel: 0.0000
                 Curriculum/action_rate: 0.0000
                   Curriculum/joint_vel: 0.0000
     Metrics/object_pose/position_error: 0.2361
  Metrics/object_pose/orientation_error: 3.0798
           Episode_Termination/time_out: 1.0000
    Episode_Termination/object_dropping: 0.0000
--------------------------------------------------------------------------------
                         Iteration time: 7.83s
                           Time elapsed: 00:11:19
                                    ETA: 03:06:13

################################################################################
[1m                           Learning iteration 86/1500                           [0m 

                            Total steps: 8552448 
                       Steps per second: 12547 
                        Collection time: 7.617s 
                          Learning time: 0.218s 
                        Mean value loss: 2169.7077
                    Mean surrogate loss: -0.0063
                      Mean entropy loss: 6.8633
                            Mean reward: -2045.91
                    Mean episode length: 250.00
                        Mean action std: 0.57
         Episode_Reward/reaching_object: 0.0000
          Episode_Reward/lifting_object: 0.0000
    Episode_Reward/object_goal_tracking: 0.0000
Episode_Reward/object_goal_tracking_fine_grained: 0.0000
             Episode_Reward/action_rate: 0.0000
               Episode_Reward/joint_vel: 0.0000
                 Curriculum/action_rate: 0.0000
                   Curriculum/joint_vel: 0.0000
     Metrics/object_pose/position_error: 0.2322
  Metrics/object_pose/orientation_error: 3.0796
           Episode_Termination/time_out: 1.0000
    Episode_Termination/object_dropping: 0.0000
--------------------------------------------------------------------------------
                         Iteration time: 7.83s
                           Time elapsed: 00:11:27
                                    ETA: 03:06:04

################################################################################
[1m                           Learning iteration 87/1500                           [0m 

                            Total steps: 8650752 
                       Steps per second: 12519 
                        Collection time: 7.636s 
                          Learning time: 0.216s 
                        Mean value loss: 2106.5006
                    Mean surrogate loss: -0.0076
                      Mean entropy loss: 6.7906
                            Mean reward: -2056.54
                    Mean episode length: 250.00
                        Mean action std: 0.57
         Episode_Reward/reaching_object: 0.0000
          Episode_Reward/lifting_object: 0.0000
    Episode_Reward/object_goal_tracking: 0.0000
Episode_Reward/object_goal_tracking_fine_grained: 0.0000
             Episode_Reward/action_rate: 0.0000
               Episode_Reward/joint_vel: 0.0000
                 Curriculum/action_rate: 0.0000
                   Curriculum/joint_vel: 0.0000
     Metrics/object_pose/position_error: 0.2297
  Metrics/object_pose/orientation_error: 3.0848
           Episode_Termination/time_out: 1.0000
    Episode_Termination/object_dropping: 0.0000
--------------------------------------------------------------------------------
                         Iteration time: 7.85s
                           Time elapsed: 00:11:35
                                    ETA: 03:05:55

################################################################################
[1m                           Learning iteration 88/1500                           [0m 

                            Total steps: 8749056 
                       Steps per second: 12575 
                        Collection time: 7.600s 
                          Learning time: 0.217s 
                        Mean value loss: 2073.6518
                    Mean surrogate loss: -0.0066
                      Mean entropy loss: 6.7395
                            Mean reward: -2037.49
                    Mean episode length: 250.00
                        Mean action std: 0.56
         Episode_Reward/reaching_object: 0.0000
          Episode_Reward/lifting_object: 0.0000
    Episode_Reward/object_goal_tracking: 0.0000
Episode_Reward/object_goal_tracking_fine_grained: 0.0000
             Episode_Reward/action_rate: 0.0000
               Episode_Reward/joint_vel: 0.0000
                 Curriculum/action_rate: 0.0000
                   Curriculum/joint_vel: 0.0000
     Metrics/object_pose/position_error: 0.2333
  Metrics/object_pose/orientation_error: 3.0802
           Episode_Termination/time_out: 1.0000
    Episode_Termination/object_dropping: 0.0000
--------------------------------------------------------------------------------
                         Iteration time: 7.82s
                           Time elapsed: 00:11:43
                                    ETA: 03:05:46

################################################################################
[1m                           Learning iteration 89/1500                           [0m 

                            Total steps: 8847360 
                       Steps per second: 12597 
                        Collection time: 7.587s 
                          Learning time: 0.216s 
                        Mean value loss: 2086.7702
                    Mean surrogate loss: -0.0071
                      Mean entropy loss: 6.6888
                            Mean reward: -2027.98
                    Mean episode length: 250.00
                        Mean action std: 0.56
         Episode_Reward/reaching_object: 0.0000
          Episode_Reward/lifting_object: 0.0000
    Episode_Reward/object_goal_tracking: 0.0000
Episode_Reward/object_goal_tracking_fine_grained: 0.0000
             Episode_Reward/action_rate: 0.0000
               Episode_Reward/joint_vel: 0.0000
                 Curriculum/action_rate: 0.0000
                   Curriculum/joint_vel: 0.0000
     Metrics/object_pose/position_error: 0.2360
  Metrics/object_pose/orientation_error: 3.0838
           Episode_Termination/time_out: 1.0000
    Episode_Termination/object_dropping: 0.0000
--------------------------------------------------------------------------------
                         Iteration time: 7.80s
                           Time elapsed: 00:11:50
                                    ETA: 03:05:37

################################################################################
[1m                           Learning iteration 90/1500                           [0m 

                            Total steps: 8945664 
                       Steps per second: 12640 
                        Collection time: 7.560s 
                          Learning time: 0.217s 
                        Mean value loss: 2024.2972
                    Mean surrogate loss: -0.0076
                      Mean entropy loss: 6.6205
                            Mean reward: -2045.64
                    Mean episode length: 250.00
                        Mean action std: 0.55
         Episode_Reward/reaching_object: 0.0000
          Episode_Reward/lifting_object: 0.0000
    Episode_Reward/object_goal_tracking: 0.0000
Episode_Reward/object_goal_tracking_fine_grained: 0.0000
             Episode_Reward/action_rate: 0.0000
               Episode_Reward/joint_vel: 0.0000
                 Curriculum/action_rate: 0.0000
                   Curriculum/joint_vel: 0.0000
     Metrics/object_pose/position_error: 0.2310
  Metrics/object_pose/orientation_error: 3.0904
           Episode_Termination/time_out: 1.0000
    Episode_Termination/object_dropping: 0.0000
--------------------------------------------------------------------------------
                         Iteration time: 7.78s
                           Time elapsed: 00:11:58
                                    ETA: 03:05:27

################################################################################
[1m                           Learning iteration 91/1500                           [0m 

                            Total steps: 9043968 
                       Steps per second: 12619 
                        Collection time: 7.572s 
                          Learning time: 0.218s 
                        Mean value loss: 2016.7361
                    Mean surrogate loss: -0.0079
                      Mean entropy loss: 6.5714
                            Mean reward: -2026.40
                    Mean episode length: 250.00
                        Mean action std: 0.55
         Episode_Reward/reaching_object: 0.0000
          Episode_Reward/lifting_object: 0.0000
    Episode_Reward/object_goal_tracking: 0.0000
Episode_Reward/object_goal_tracking_fine_grained: 0.0000
             Episode_Reward/action_rate: 0.0000
               Episode_Reward/joint_vel: 0.0000
                 Curriculum/action_rate: 0.0000
                   Curriculum/joint_vel: 0.0000
     Metrics/object_pose/position_error: 0.2300
  Metrics/object_pose/orientation_error: 3.0932
           Episode_Termination/time_out: 1.0000
    Episode_Termination/object_dropping: 0.0000
--------------------------------------------------------------------------------
                         Iteration time: 7.79s
                           Time elapsed: 00:12:06
                                    ETA: 03:05:17

################################################################################
[1m                           Learning iteration 92/1500                           [0m 

                            Total steps: 9142272 
                       Steps per second: 12619 
                        Collection time: 7.573s 
                          Learning time: 0.218s 
                        Mean value loss: 1955.8856
                    Mean surrogate loss: -0.0096
                      Mean entropy loss: 6.5118
                            Mean reward: -2027.91
                    Mean episode length: 250.00
                        Mean action std: 0.55
         Episode_Reward/reaching_object: 0.0000
          Episode_Reward/lifting_object: 0.0000
    Episode_Reward/object_goal_tracking: 0.0000
Episode_Reward/object_goal_tracking_fine_grained: 0.0000
             Episode_Reward/action_rate: 0.0000
               Episode_Reward/joint_vel: 0.0000
                 Curriculum/action_rate: 0.0000
                   Curriculum/joint_vel: 0.0000
     Metrics/object_pose/position_error: 0.2336
  Metrics/object_pose/orientation_error: 3.0982
           Episode_Termination/time_out: 1.0000
    Episode_Termination/object_dropping: 0.0000
--------------------------------------------------------------------------------
                         Iteration time: 7.79s
                           Time elapsed: 00:12:14
                                    ETA: 03:05:08

################################################################################
[1m                           Learning iteration 93/1500                           [0m 

                            Total steps: 9240576 
                       Steps per second: 12579 
                        Collection time: 7.595s 
                          Learning time: 0.219s 
                        Mean value loss: 1954.1069
                    Mean surrogate loss: -0.0071
                      Mean entropy loss: 6.4357
                            Mean reward: -2017.52
                    Mean episode length: 250.00
                        Mean action std: 0.54
         Episode_Reward/reaching_object: 0.0000
          Episode_Reward/lifting_object: 0.0000
    Episode_Reward/object_goal_tracking: 0.0000
Episode_Reward/object_goal_tracking_fine_grained: 0.0000
             Episode_Reward/action_rate: 0.0000
               Episode_Reward/joint_vel: 0.0000
                 Curriculum/action_rate: 0.0000
                   Curriculum/joint_vel: 0.0000
     Metrics/object_pose/position_error: 0.2295
  Metrics/object_pose/orientation_error: 3.0960
           Episode_Termination/time_out: 1.0000
    Episode_Termination/object_dropping: 0.0000
--------------------------------------------------------------------------------
                         Iteration time: 7.81s
                           Time elapsed: 00:12:22
                                    ETA: 03:04:59

################################################################################
[1m                           Learning iteration 94/1500                           [0m 

                            Total steps: 9338880 
                       Steps per second: 12605 
                        Collection time: 7.583s 
                          Learning time: 0.216s 
                        Mean value loss: 1850.2813
                    Mean surrogate loss: -0.0085
                      Mean entropy loss: 6.3992
                            Mean reward: -2012.43
                    Mean episode length: 250.00
                        Mean action std: 0.54
         Episode_Reward/reaching_object: 0.0000
          Episode_Reward/lifting_object: 0.0000
    Episode_Reward/object_goal_tracking: 0.0000
Episode_Reward/object_goal_tracking_fine_grained: 0.0000
             Episode_Reward/action_rate: 0.0000
               Episode_Reward/joint_vel: 0.0000
                 Curriculum/action_rate: 0.0000
                   Curriculum/joint_vel: 0.0000
     Metrics/object_pose/position_error: 0.2327
  Metrics/object_pose/orientation_error: 3.0932
           Episode_Termination/time_out: 1.0000
    Episode_Termination/object_dropping: 0.0000
--------------------------------------------------------------------------------
                         Iteration time: 7.80s
                           Time elapsed: 00:12:29
                                    ETA: 03:04:49

################################################################################
[1m                           Learning iteration 95/1500                           [0m 

                            Total steps: 9437184 
                       Steps per second: 12559 
                        Collection time: 7.610s 
                          Learning time: 0.217s 
                        Mean value loss: 1800.7035
                    Mean surrogate loss: -0.0073
                      Mean entropy loss: 6.3242
                            Mean reward: -2017.69
                    Mean episode length: 250.00
                        Mean action std: 0.53
         Episode_Reward/reaching_object: 0.0000
          Episode_Reward/lifting_object: 0.0000
    Episode_Reward/object_goal_tracking: 0.0000
Episode_Reward/object_goal_tracking_fine_grained: 0.0000
             Episode_Reward/action_rate: 0.0000
               Episode_Reward/joint_vel: 0.0000
                 Curriculum/action_rate: 0.0000
                   Curriculum/joint_vel: 0.0000
     Metrics/object_pose/position_error: 0.2267
  Metrics/object_pose/orientation_error: 3.0914
           Episode_Termination/time_out: 1.0000
    Episode_Termination/object_dropping: 0.0000
--------------------------------------------------------------------------------
                         Iteration time: 7.83s
                           Time elapsed: 00:12:37
                                    ETA: 03:04:40

################################################################################
[1m                           Learning iteration 96/1500                           [0m 

                            Total steps: 9535488 
                       Steps per second: 12587 
                        Collection time: 7.594s 
                          Learning time: 0.216s 
                        Mean value loss: 1758.0308
                    Mean surrogate loss: -0.0097
                      Mean entropy loss: 6.2684
                            Mean reward: -1997.92
                    Mean episode length: 250.00
                        Mean action std: 0.53
         Episode_Reward/reaching_object: 0.0000
          Episode_Reward/lifting_object: 0.0000
    Episode_Reward/object_goal_tracking: 0.0000
Episode_Reward/object_goal_tracking_fine_grained: 0.0000
             Episode_Reward/action_rate: 0.0000
               Episode_Reward/joint_vel: 0.0000
                 Curriculum/action_rate: 0.0000
                   Curriculum/joint_vel: 0.0000
     Metrics/object_pose/position_error: 0.2330
  Metrics/object_pose/orientation_error: 3.0916
           Episode_Termination/time_out: 1.0000
    Episode_Termination/object_dropping: 0.0000
--------------------------------------------------------------------------------
                         Iteration time: 7.81s
                           Time elapsed: 00:12:45
                                    ETA: 03:04:31

################################################################################
[1m                           Learning iteration 97/1500                           [0m 

                            Total steps: 9633792 
                       Steps per second: 12604 
                        Collection time: 7.584s 
                          Learning time: 0.215s 
                        Mean value loss: 1718.7447
                    Mean surrogate loss: -0.0069
                      Mean entropy loss: 6.1958
                            Mean reward: -1992.35
                    Mean episode length: 250.00
                        Mean action std: 0.53
         Episode_Reward/reaching_object: 0.0000
          Episode_Reward/lifting_object: 0.0000
    Episode_Reward/object_goal_tracking: 0.0000
Episode_Reward/object_goal_tracking_fine_grained: 0.0000
             Episode_Reward/action_rate: 0.0000
               Episode_Reward/joint_vel: 0.0000
                 Curriculum/action_rate: 0.0000
                   Curriculum/joint_vel: 0.0000
     Metrics/object_pose/position_error: 0.2342
  Metrics/object_pose/orientation_error: 3.0911
           Episode_Termination/time_out: 1.0000
    Episode_Termination/object_dropping: 0.0000
--------------------------------------------------------------------------------
                         Iteration time: 7.80s
                           Time elapsed: 00:12:53
                                    ETA: 03:04:22

################################################################################
[1m                           Learning iteration 98/1500                           [0m 

                            Total steps: 9732096 
                       Steps per second: 12582 
                        Collection time: 7.597s 
                          Learning time: 0.216s 
                        Mean value loss: 1686.7372
                    Mean surrogate loss: -0.0066
                      Mean entropy loss: 6.1536
                            Mean reward: -2004.78
                    Mean episode length: 250.00
                        Mean action std: 0.52
         Episode_Reward/reaching_object: 0.0000
          Episode_Reward/lifting_object: 0.0000
    Episode_Reward/object_goal_tracking: 0.0000
Episode_Reward/object_goal_tracking_fine_grained: 0.0000
             Episode_Reward/action_rate: 0.0000
               Episode_Reward/joint_vel: 0.0000
                 Curriculum/action_rate: 0.0000
                   Curriculum/joint_vel: 0.0000
     Metrics/object_pose/position_error: 0.2309
  Metrics/object_pose/orientation_error: 3.0896
           Episode_Termination/time_out: 1.0000
    Episode_Termination/object_dropping: 0.0000
--------------------------------------------------------------------------------
                         Iteration time: 7.81s
                           Time elapsed: 00:13:01
                                    ETA: 03:04:13

################################################################################
[1m                           Learning iteration 99/1500                           [0m 

                            Total steps: 9830400 
                       Steps per second: 12652 
                        Collection time: 7.553s 
                          Learning time: 0.217s 
                        Mean value loss: 1658.4685
                    Mean surrogate loss: -0.0098
                      Mean entropy loss: 6.0663
                            Mean reward: -2002.79
                    Mean episode length: 250.00
                        Mean action std: 0.52
         Episode_Reward/reaching_object: 0.0000
          Episode_Reward/lifting_object: 0.0000
    Episode_Reward/object_goal_tracking: 0.0000
Episode_Reward/object_goal_tracking_fine_grained: 0.0000
             Episode_Reward/action_rate: 0.0000
               Episode_Reward/joint_vel: 0.0000
                 Curriculum/action_rate: 0.0000
                   Curriculum/joint_vel: 0.0000
     Metrics/object_pose/position_error: 0.2272
  Metrics/object_pose/orientation_error: 3.0892
           Episode_Termination/time_out: 1.0000
    Episode_Termination/object_dropping: 0.0000
--------------------------------------------------------------------------------
                         Iteration time: 7.77s
                           Time elapsed: 00:13:08
                                    ETA: 03:04:04

################################################################################
[1m                          Learning iteration 100/1500                           [0m 

                            Total steps: 9928704 
                       Steps per second: 12599 
                        Collection time: 7.586s 
                          Learning time: 0.216s 
                        Mean value loss: 1593.4174
                    Mean surrogate loss: -0.0068
                      Mean entropy loss: 5.9854
                            Mean reward: -1982.20
                    Mean episode length: 250.00
                        Mean action std: 0.51
         Episode_Reward/reaching_object: 0.0000
          Episode_Reward/lifting_object: 0.0000
    Episode_Reward/object_goal_tracking: 0.0000
Episode_Reward/object_goal_tracking_fine_grained: 0.0000
             Episode_Reward/action_rate: 0.0000
               Episode_Reward/joint_vel: 0.0000
                 Curriculum/action_rate: 0.0000
                   Curriculum/joint_vel: 0.0000
     Metrics/object_pose/position_error: 0.2293
  Metrics/object_pose/orientation_error: 3.0933
           Episode_Termination/time_out: 1.0000
    Episode_Termination/object_dropping: 0.0000
--------------------------------------------------------------------------------
                         Iteration time: 7.80s
                           Time elapsed: 00:13:16
                                    ETA: 03:03:55

################################################################################
[1m                          Learning iteration 101/1500                           [0m 

                            Total steps: 10027008 
                       Steps per second: 12567 
                        Collection time: 7.606s 
                          Learning time: 0.217s 
                        Mean value loss: 1569.3233
                    Mean surrogate loss: -0.0096
                      Mean entropy loss: 5.9381
                            Mean reward: -1977.42
                    Mean episode length: 250.00
                        Mean action std: 0.51
         Episode_Reward/reaching_object: 0.0000
          Episode_Reward/lifting_object: 0.0000
    Episode_Reward/object_goal_tracking: 0.0000
Episode_Reward/object_goal_tracking_fine_grained: 0.0000
             Episode_Reward/action_rate: 0.0000
               Episode_Reward/joint_vel: 0.0000
                 Curriculum/action_rate: 0.0000
                   Curriculum/joint_vel: 0.0000
     Metrics/object_pose/position_error: 0.2286
  Metrics/object_pose/orientation_error: 3.0929
           Episode_Termination/time_out: 1.0000
    Episode_Termination/object_dropping: 0.0000
--------------------------------------------------------------------------------
                         Iteration time: 7.82s
                           Time elapsed: 00:13:24
                                    ETA: 03:03:46

################################################################################
[1m                          Learning iteration 102/1500                           [0m 

                            Total steps: 10125312 
                       Steps per second: 12598 
                        Collection time: 7.602s 
                          Learning time: 0.201s 
                        Mean value loss: 1512.6943
                    Mean surrogate loss: -0.0058
                      Mean entropy loss: 5.8716
                            Mean reward: -1991.50
                    Mean episode length: 250.00
                        Mean action std: 0.50
         Episode_Reward/reaching_object: 0.0000
          Episode_Reward/lifting_object: 0.0000
    Episode_Reward/object_goal_tracking: 0.0000
Episode_Reward/object_goal_tracking_fine_grained: 0.0000
             Episode_Reward/action_rate: 0.0000
               Episode_Reward/joint_vel: 0.0000
                 Curriculum/action_rate: 0.0000
                   Curriculum/joint_vel: 0.0000
     Metrics/object_pose/position_error: 0.2352
  Metrics/object_pose/orientation_error: 3.0957
           Episode_Termination/time_out: 1.0000
    Episode_Termination/object_dropping: 0.0000
--------------------------------------------------------------------------------
                         Iteration time: 7.80s
                           Time elapsed: 00:13:32
                                    ETA: 03:03:37

################################################################################
[1m                          Learning iteration 103/1500                           [0m 

                            Total steps: 10223616 
                       Steps per second: 12563 
                        Collection time: 7.608s 
                          Learning time: 0.217s 
                        Mean value loss: 1464.2043
                    Mean surrogate loss: -0.0063
                      Mean entropy loss: 5.8100
                            Mean reward: -1994.37
                    Mean episode length: 250.00
                        Mean action std: 0.50
         Episode_Reward/reaching_object: 0.0000
          Episode_Reward/lifting_object: 0.0000
    Episode_Reward/object_goal_tracking: 0.0000
Episode_Reward/object_goal_tracking_fine_grained: 0.0000
             Episode_Reward/action_rate: 0.0000
               Episode_Reward/joint_vel: 0.0000
                 Curriculum/action_rate: 0.0000
                   Curriculum/joint_vel: 0.0000
     Metrics/object_pose/position_error: 0.2309
  Metrics/object_pose/orientation_error: 3.0933
           Episode_Termination/time_out: 1.0000
    Episode_Termination/object_dropping: 0.0000
--------------------------------------------------------------------------------
                         Iteration time: 7.82s
                           Time elapsed: 00:13:40
                                    ETA: 03:03:28

################################################################################
[1m                          Learning iteration 104/1500                           [0m 

                            Total steps: 10321920 
                       Steps per second: 12595 
                        Collection time: 7.587s 
                          Learning time: 0.218s 
                        Mean value loss: 1443.2054
                    Mean surrogate loss: -0.0094
                      Mean entropy loss: 5.7313
                            Mean reward: -1976.29
                    Mean episode length: 250.00
                        Mean action std: 0.49
         Episode_Reward/reaching_object: 0.0000
          Episode_Reward/lifting_object: 0.0000
    Episode_Reward/object_goal_tracking: 0.0000
Episode_Reward/object_goal_tracking_fine_grained: 0.0000
             Episode_Reward/action_rate: 0.0000
               Episode_Reward/joint_vel: 0.0000
                 Curriculum/action_rate: 0.0000
                   Curriculum/joint_vel: 0.0000
     Metrics/object_pose/position_error: 0.2285
  Metrics/object_pose/orientation_error: 3.0927
           Episode_Termination/time_out: 1.0000
    Episode_Termination/object_dropping: 0.0000
--------------------------------------------------------------------------------
                         Iteration time: 7.80s
                           Time elapsed: 00:13:47
                                    ETA: 03:03:19

################################################################################
[1m                          Learning iteration 105/1500                           [0m 

                            Total steps: 10420224 
                       Steps per second: 12612 
                        Collection time: 7.577s 
                          Learning time: 0.217s 
                        Mean value loss: 1415.9762
                    Mean surrogate loss: -0.0061
                      Mean entropy loss: 5.6591
                            Mean reward: -1980.99
                    Mean episode length: 250.00
                        Mean action std: 0.49
         Episode_Reward/reaching_object: 0.0000
          Episode_Reward/lifting_object: 0.0000
    Episode_Reward/object_goal_tracking: 0.0000
Episode_Reward/object_goal_tracking_fine_grained: 0.0000
             Episode_Reward/action_rate: 0.0000
               Episode_Reward/joint_vel: 0.0000
                 Curriculum/action_rate: 0.0000
                   Curriculum/joint_vel: 0.0000
     Metrics/object_pose/position_error: 0.2289
  Metrics/object_pose/orientation_error: 3.0943
           Episode_Termination/time_out: 1.0000
    Episode_Termination/object_dropping: 0.0000
--------------------------------------------------------------------------------
                         Iteration time: 7.79s
                           Time elapsed: 00:13:55
                                    ETA: 03:03:10

################################################################################
[1m                          Learning iteration 106/1500                           [0m 

                            Total steps: 10518528 
                       Steps per second: 12608 
                        Collection time: 7.579s 
                          Learning time: 0.218s 
                        Mean value loss: 1400.0116
                    Mean surrogate loss: -0.0104
                      Mean entropy loss: 5.5837
                            Mean reward: -1969.74
                    Mean episode length: 250.00
                        Mean action std: 0.49
         Episode_Reward/reaching_object: 0.0000
          Episode_Reward/lifting_object: 0.0000
    Episode_Reward/object_goal_tracking: 0.0000
Episode_Reward/object_goal_tracking_fine_grained: 0.0000
             Episode_Reward/action_rate: 0.0000
               Episode_Reward/joint_vel: 0.0000
                 Curriculum/action_rate: 0.0000
                   Curriculum/joint_vel: 0.0000
     Metrics/object_pose/position_error: 0.2310
  Metrics/object_pose/orientation_error: 3.0952
           Episode_Termination/time_out: 1.0000
    Episode_Termination/object_dropping: 0.0000
--------------------------------------------------------------------------------
                         Iteration time: 7.80s
                           Time elapsed: 00:14:03
                                    ETA: 03:03:01

################################################################################
[1m                          Learning iteration 107/1500                           [0m 

                            Total steps: 10616832 
                       Steps per second: 12608 
                        Collection time: 7.580s 
                          Learning time: 0.217s 
                        Mean value loss: 1372.4364
                    Mean surrogate loss: -0.0088
                      Mean entropy loss: 5.5000
                            Mean reward: -1960.16
                    Mean episode length: 250.00
                        Mean action std: 0.48
         Episode_Reward/reaching_object: 0.0000
          Episode_Reward/lifting_object: 0.0000
    Episode_Reward/object_goal_tracking: 0.0000
Episode_Reward/object_goal_tracking_fine_grained: 0.0000
             Episode_Reward/action_rate: 0.0000
               Episode_Reward/joint_vel: 0.0000
                 Curriculum/action_rate: 0.0000
                   Curriculum/joint_vel: 0.0000
     Metrics/object_pose/position_error: 0.2317
  Metrics/object_pose/orientation_error: 3.0954
           Episode_Termination/time_out: 1.0000
    Episode_Termination/object_dropping: 0.0000
--------------------------------------------------------------------------------
                         Iteration time: 7.80s
                           Time elapsed: 00:14:11
                                    ETA: 03:02:52

################################################################################
[1m                          Learning iteration 108/1500                           [0m 

                            Total steps: 10715136 
                       Steps per second: 12612 
                        Collection time: 7.577s 
                          Learning time: 0.218s 
                        Mean value loss: 1330.6795
                    Mean surrogate loss: -0.0066
                      Mean entropy loss: 5.4647
                            Mean reward: -1952.42
                    Mean episode length: 250.00
                        Mean action std: 0.48
         Episode_Reward/reaching_object: 0.0000
          Episode_Reward/lifting_object: 0.0000
    Episode_Reward/object_goal_tracking: 0.0000
Episode_Reward/object_goal_tracking_fine_grained: 0.0000
             Episode_Reward/action_rate: 0.0000
               Episode_Reward/joint_vel: 0.0000
                 Curriculum/action_rate: 0.0000
                   Curriculum/joint_vel: 0.0000
     Metrics/object_pose/position_error: 0.2268
  Metrics/object_pose/orientation_error: 3.0961
           Episode_Termination/time_out: 1.0000
    Episode_Termination/object_dropping: 0.0000
--------------------------------------------------------------------------------
                         Iteration time: 7.79s
                           Time elapsed: 00:14:19
                                    ETA: 03:02:43

################################################################################
[1m                          Learning iteration 109/1500                           [0m 

                            Total steps: 10813440 
                       Steps per second: 12605 
                        Collection time: 7.581s 
                          Learning time: 0.217s 
                        Mean value loss: 1253.4963
                    Mean surrogate loss: -0.0073
                      Mean entropy loss: 5.3933
                            Mean reward: -1972.13
                    Mean episode length: 250.00
                        Mean action std: 0.48
         Episode_Reward/reaching_object: 0.0000
          Episode_Reward/lifting_object: 0.0000
    Episode_Reward/object_goal_tracking: 0.0000
Episode_Reward/object_goal_tracking_fine_grained: 0.0000
             Episode_Reward/action_rate: 0.0000
               Episode_Reward/joint_vel: 0.0000
                 Curriculum/action_rate: 0.0000
                   Curriculum/joint_vel: 0.0000
     Metrics/object_pose/position_error: 0.2354
  Metrics/object_pose/orientation_error: 3.0961
           Episode_Termination/time_out: 1.0000
    Episode_Termination/object_dropping: 0.0000
--------------------------------------------------------------------------------
                         Iteration time: 7.80s
                           Time elapsed: 00:14:26
                                    ETA: 03:02:34

################################################################################
[1m                          Learning iteration 110/1500                           [0m 

                            Total steps: 10911744 
                       Steps per second: 12589 
                        Collection time: 7.590s 
                          Learning time: 0.218s 
                        Mean value loss: 1229.5992
                    Mean surrogate loss: -0.0073
                      Mean entropy loss: 5.3453
                            Mean reward: -1930.17
                    Mean episode length: 250.00
                        Mean action std: 0.47
         Episode_Reward/reaching_object: 0.0000
          Episode_Reward/lifting_object: 0.0000
    Episode_Reward/object_goal_tracking: 0.0000
Episode_Reward/object_goal_tracking_fine_grained: 0.0000
             Episode_Reward/action_rate: 0.0000
               Episode_Reward/joint_vel: 0.0000
                 Curriculum/action_rate: 0.0000
                   Curriculum/joint_vel: 0.0000
     Metrics/object_pose/position_error: 0.2326
  Metrics/object_pose/orientation_error: 3.0994
           Episode_Termination/time_out: 1.0000
    Episode_Termination/object_dropping: 0.0000
--------------------------------------------------------------------------------
                         Iteration time: 7.81s
                           Time elapsed: 00:14:34
                                    ETA: 03:02:25

################################################################################
[1m                          Learning iteration 111/1500                           [0m 

                            Total steps: 11010048 
                       Steps per second: 12698 
                        Collection time: 7.523s 
                          Learning time: 0.219s 
                        Mean value loss: 1229.8182
                    Mean surrogate loss: -0.0098
                      Mean entropy loss: 5.2837
                            Mean reward: -1936.24
                    Mean episode length: 250.00
                        Mean action std: 0.47
         Episode_Reward/reaching_object: 0.0000
          Episode_Reward/lifting_object: 0.0000
    Episode_Reward/object_goal_tracking: 0.0000
Episode_Reward/object_goal_tracking_fine_grained: 0.0000
             Episode_Reward/action_rate: 0.0000
               Episode_Reward/joint_vel: 0.0000
                 Curriculum/action_rate: 0.0000
                   Curriculum/joint_vel: 0.0000
     Metrics/object_pose/position_error: 0.2345
  Metrics/object_pose/orientation_error: 3.0980
           Episode_Termination/time_out: 1.0000
    Episode_Termination/object_dropping: 0.0000
--------------------------------------------------------------------------------
                         Iteration time: 7.74s
                           Time elapsed: 00:14:42
                                    ETA: 03:02:16

################################################################################
[1m                          Learning iteration 112/1500                           [0m 

                            Total steps: 11108352 
                       Steps per second: 12545 
                        Collection time: 7.619s 
                          Learning time: 0.217s 
                        Mean value loss: 1222.0485
                    Mean surrogate loss: -0.0099
                      Mean entropy loss: 5.1860
                            Mean reward: -1922.16
                    Mean episode length: 250.00
                        Mean action std: 0.46
         Episode_Reward/reaching_object: 0.0000
          Episode_Reward/lifting_object: 0.0000
    Episode_Reward/object_goal_tracking: 0.0000
Episode_Reward/object_goal_tracking_fine_grained: 0.0000
             Episode_Reward/action_rate: 0.0000
               Episode_Reward/joint_vel: 0.0000
                 Curriculum/action_rate: 0.0000
                   Curriculum/joint_vel: 0.0000
     Metrics/object_pose/position_error: 0.2333
  Metrics/object_pose/orientation_error: 3.0972
           Episode_Termination/time_out: 1.0000
    Episode_Termination/object_dropping: 0.0000
--------------------------------------------------------------------------------
                         Iteration time: 7.84s
                           Time elapsed: 00:14:50
                                    ETA: 03:02:07

################################################################################
[1m                          Learning iteration 113/1500                           [0m 

                            Total steps: 11206656 
                       Steps per second: 12609 
                        Collection time: 7.581s 
                          Learning time: 0.215s 
                        Mean value loss: 1187.5207
                    Mean surrogate loss: -0.0077
                      Mean entropy loss: 5.0951
                            Mean reward: -1917.32
                    Mean episode length: 250.00
                        Mean action std: 0.46
         Episode_Reward/reaching_object: 0.0000
          Episode_Reward/lifting_object: 0.0000
    Episode_Reward/object_goal_tracking: 0.0000
Episode_Reward/object_goal_tracking_fine_grained: 0.0000
             Episode_Reward/action_rate: 0.0000
               Episode_Reward/joint_vel: 0.0000
                 Curriculum/action_rate: 0.0000
                   Curriculum/joint_vel: 0.0000
     Metrics/object_pose/position_error: 0.2343
  Metrics/object_pose/orientation_error: 3.0955
           Episode_Termination/time_out: 1.0000
    Episode_Termination/object_dropping: 0.0000
--------------------------------------------------------------------------------
                         Iteration time: 7.80s
                           Time elapsed: 00:14:58
                                    ETA: 03:01:58

################################################################################
[1m                          Learning iteration 114/1500                           [0m 

                            Total steps: 11304960 
                       Steps per second: 12581 
                        Collection time: 7.598s 
                          Learning time: 0.215s 
                        Mean value loss: 1179.1558
                    Mean surrogate loss: -0.0074
                      Mean entropy loss: 5.0212
                            Mean reward: -1928.95
                    Mean episode length: 250.00
                        Mean action std: 0.45
         Episode_Reward/reaching_object: 0.0000
          Episode_Reward/lifting_object: 0.0000
    Episode_Reward/object_goal_tracking: 0.0000
Episode_Reward/object_goal_tracking_fine_grained: 0.0000
             Episode_Reward/action_rate: 0.0000
               Episode_Reward/joint_vel: 0.0000
                 Curriculum/action_rate: 0.0000
                   Curriculum/joint_vel: 0.0000
     Metrics/object_pose/position_error: 0.2263
  Metrics/object_pose/orientation_error: 3.0973
           Episode_Termination/time_out: 1.0000
    Episode_Termination/object_dropping: 0.0000
--------------------------------------------------------------------------------
                         Iteration time: 7.81s
                           Time elapsed: 00:15:05
                                    ETA: 03:01:50

################################################################################
[1m                          Learning iteration 115/1500                           [0m 

                            Total steps: 11403264 
                       Steps per second: 12592 
                        Collection time: 7.590s 
                          Learning time: 0.217s 
                        Mean value loss: 1133.1409
                    Mean surrogate loss: -0.0085
                      Mean entropy loss: 4.9399
                            Mean reward: -1917.46
                    Mean episode length: 250.00
                        Mean action std: 0.45
         Episode_Reward/reaching_object: 0.0000
          Episode_Reward/lifting_object: 0.0000
    Episode_Reward/object_goal_tracking: 0.0000
Episode_Reward/object_goal_tracking_fine_grained: 0.0000
             Episode_Reward/action_rate: 0.0000
               Episode_Reward/joint_vel: 0.0000
                 Curriculum/action_rate: 0.0000
                   Curriculum/joint_vel: 0.0000
     Metrics/object_pose/position_error: 0.2337
  Metrics/object_pose/orientation_error: 3.0965
           Episode_Termination/time_out: 1.0000
    Episode_Termination/object_dropping: 0.0000
--------------------------------------------------------------------------------
                         Iteration time: 7.81s
                           Time elapsed: 00:15:13
                                    ETA: 03:01:41

################################################################################
[1m                          Learning iteration 116/1500                           [0m 

                            Total steps: 11501568 
                       Steps per second: 12567 
                        Collection time: 7.605s 
                          Learning time: 0.218s 
                        Mean value loss: 1125.3295
                    Mean surrogate loss: -0.0086
                      Mean entropy loss: 4.8656
                            Mean reward: -1901.97
                    Mean episode length: 250.00
                        Mean action std: 0.44
         Episode_Reward/reaching_object: 0.0000
          Episode_Reward/lifting_object: 0.0000
    Episode_Reward/object_goal_tracking: 0.0000
Episode_Reward/object_goal_tracking_fine_grained: 0.0000
             Episode_Reward/action_rate: 0.0000
               Episode_Reward/joint_vel: 0.0000
                 Curriculum/action_rate: 0.0000
                   Curriculum/joint_vel: 0.0000
     Metrics/object_pose/position_error: 0.2319
  Metrics/object_pose/orientation_error: 3.1002
           Episode_Termination/time_out: 1.0000
    Episode_Termination/object_dropping: 0.0000
--------------------------------------------------------------------------------
                         Iteration time: 7.82s
                           Time elapsed: 00:15:21
                                    ETA: 03:01:32

################################################################################
[1m                          Learning iteration 117/1500                           [0m 

                            Total steps: 11599872 
                       Steps per second: 12578 
                        Collection time: 7.599s 
                          Learning time: 0.217s 
                        Mean value loss: 1088.8533
                    Mean surrogate loss: -0.0080
                      Mean entropy loss: 4.7728
                            Mean reward: -1918.12
                    Mean episode length: 250.00
                        Mean action std: 0.44
         Episode_Reward/reaching_object: 0.0000
          Episode_Reward/lifting_object: 0.0000
    Episode_Reward/object_goal_tracking: 0.0000
Episode_Reward/object_goal_tracking_fine_grained: 0.0000
             Episode_Reward/action_rate: 0.0000
               Episode_Reward/joint_vel: 0.0000
                 Curriculum/action_rate: 0.0000
                   Curriculum/joint_vel: 0.0000
     Metrics/object_pose/position_error: 0.2267
  Metrics/object_pose/orientation_error: 3.1005
           Episode_Termination/time_out: 1.0000
    Episode_Termination/object_dropping: 0.0000
--------------------------------------------------------------------------------
                         Iteration time: 7.82s
                           Time elapsed: 00:15:29
                                    ETA: 03:01:24

################################################################################
[1m                          Learning iteration 118/1500                           [0m 

                            Total steps: 11698176 
                       Steps per second: 12557 
                        Collection time: 7.611s 
                          Learning time: 0.217s 
                        Mean value loss: 1070.3451
                    Mean surrogate loss: -0.0081
                      Mean entropy loss: 4.6764
                            Mean reward: -1919.61
                    Mean episode length: 250.00
                        Mean action std: 0.43
         Episode_Reward/reaching_object: 0.0000
          Episode_Reward/lifting_object: 0.0000
    Episode_Reward/object_goal_tracking: 0.0000
Episode_Reward/object_goal_tracking_fine_grained: 0.0000
             Episode_Reward/action_rate: 0.0000
               Episode_Reward/joint_vel: 0.0000
                 Curriculum/action_rate: 0.0000
                   Curriculum/joint_vel: 0.0000
     Metrics/object_pose/position_error: 0.2291
  Metrics/object_pose/orientation_error: 3.0999
           Episode_Termination/time_out: 1.0000
    Episode_Termination/object_dropping: 0.0000
--------------------------------------------------------------------------------
                         Iteration time: 7.83s
                           Time elapsed: 00:15:37
                                    ETA: 03:01:15

################################################################################
[1m                          Learning iteration 119/1500                           [0m 

                            Total steps: 11796480 
                       Steps per second: 12570 
                        Collection time: 7.606s 
                          Learning time: 0.214s 
                        Mean value loss: 1027.1251
                    Mean surrogate loss: -0.0072
                      Mean entropy loss: 4.5904
                            Mean reward: -1896.78
                    Mean episode length: 250.00
                        Mean action std: 0.43
         Episode_Reward/reaching_object: 0.0000
          Episode_Reward/lifting_object: 0.0000
    Episode_Reward/object_goal_tracking: 0.0000
Episode_Reward/object_goal_tracking_fine_grained: 0.0000
             Episode_Reward/action_rate: 0.0000
               Episode_Reward/joint_vel: 0.0000
                 Curriculum/action_rate: 0.0000
                   Curriculum/joint_vel: 0.0000
     Metrics/object_pose/position_error: 0.2359
  Metrics/object_pose/orientation_error: 3.1011
           Episode_Termination/time_out: 1.0000
    Episode_Termination/object_dropping: 0.0000
--------------------------------------------------------------------------------
                         Iteration time: 7.82s
                           Time elapsed: 00:15:44
                                    ETA: 03:01:07

################################################################################
[1m                          Learning iteration 120/1500                           [0m 

                            Total steps: 11894784 
                       Steps per second: 12605 
                        Collection time: 7.584s 
                          Learning time: 0.214s 
                        Mean value loss: 1024.0416
                    Mean surrogate loss: -0.0080
                      Mean entropy loss: 4.4979
                            Mean reward: -1896.67
                    Mean episode length: 250.00
                        Mean action std: 0.42
         Episode_Reward/reaching_object: 0.0000
          Episode_Reward/lifting_object: 0.0000
    Episode_Reward/object_goal_tracking: 0.0000
Episode_Reward/object_goal_tracking_fine_grained: 0.0000
             Episode_Reward/action_rate: 0.0000
               Episode_Reward/joint_vel: 0.0000
                 Curriculum/action_rate: 0.0000
                   Curriculum/joint_vel: 0.0000
     Metrics/object_pose/position_error: 0.2287
  Metrics/object_pose/orientation_error: 3.1028
           Episode_Termination/time_out: 1.0000
    Episode_Termination/object_dropping: 0.0000
--------------------------------------------------------------------------------
                         Iteration time: 7.80s
                           Time elapsed: 00:15:52
                                    ETA: 03:00:58

################################################################################
[1m                          Learning iteration 121/1500                           [0m 

                            Total steps: 11993088 
                       Steps per second: 12561 
                        Collection time: 7.611s 
                          Learning time: 0.215s 
                        Mean value loss: 1001.1454
                    Mean surrogate loss: -0.0079
                      Mean entropy loss: 4.4103
                            Mean reward: -1897.03
                    Mean episode length: 250.00
                        Mean action std: 0.42
         Episode_Reward/reaching_object: 0.0000
          Episode_Reward/lifting_object: 0.0000
    Episode_Reward/object_goal_tracking: 0.0000
Episode_Reward/object_goal_tracking_fine_grained: 0.0000
             Episode_Reward/action_rate: 0.0000
               Episode_Reward/joint_vel: 0.0000
                 Curriculum/action_rate: 0.0000
                   Curriculum/joint_vel: 0.0000
     Metrics/object_pose/position_error: 0.2326
  Metrics/object_pose/orientation_error: 3.1039
           Episode_Termination/time_out: 1.0000
    Episode_Termination/object_dropping: 0.0000
--------------------------------------------------------------------------------
                         Iteration time: 7.83s
                           Time elapsed: 00:16:00
                                    ETA: 03:00:50

################################################################################
[1m                          Learning iteration 122/1500                           [0m 

                            Total steps: 12091392 
                       Steps per second: 12566 
                        Collection time: 7.606s 
                          Learning time: 0.217s 
                        Mean value loss: 976.2639
                    Mean surrogate loss: -0.0065
                      Mean entropy loss: 4.3230
                            Mean reward: -1875.41
                    Mean episode length: 250.00
                        Mean action std: 0.42
         Episode_Reward/reaching_object: 0.0000
          Episode_Reward/lifting_object: 0.0000
    Episode_Reward/object_goal_tracking: 0.0000
Episode_Reward/object_goal_tracking_fine_grained: 0.0000
             Episode_Reward/action_rate: 0.0000
               Episode_Reward/joint_vel: 0.0000
                 Curriculum/action_rate: 0.0000
                   Curriculum/joint_vel: 0.0000
     Metrics/object_pose/position_error: 0.2287
  Metrics/object_pose/orientation_error: 3.1026
           Episode_Termination/time_out: 1.0000
    Episode_Termination/object_dropping: 0.0000
--------------------------------------------------------------------------------
                         Iteration time: 7.82s
                           Time elapsed: 00:16:08
                                    ETA: 03:00:41

################################################################################
[1m                          Learning iteration 123/1500                           [0m 

                            Total steps: 12189696 
                       Steps per second: 12595 
                        Collection time: 7.587s 
                          Learning time: 0.217s 
                        Mean value loss: 945.3554
                    Mean surrogate loss: -0.0089
                      Mean entropy loss: 4.2363
                            Mean reward: -1884.63
                    Mean episode length: 250.00
                        Mean action std: 0.41
         Episode_Reward/reaching_object: 0.0000
          Episode_Reward/lifting_object: 0.0000
    Episode_Reward/object_goal_tracking: 0.0000
Episode_Reward/object_goal_tracking_fine_grained: 0.0000
             Episode_Reward/action_rate: 0.0000
               Episode_Reward/joint_vel: 0.0000
                 Curriculum/action_rate: 0.0000
                   Curriculum/joint_vel: 0.0000
     Metrics/object_pose/position_error: 0.2316
  Metrics/object_pose/orientation_error: 3.1049
           Episode_Termination/time_out: 1.0000
    Episode_Termination/object_dropping: 0.0000
--------------------------------------------------------------------------------
                         Iteration time: 7.80s
                           Time elapsed: 00:16:16
                                    ETA: 03:00:33

################################################################################
[1m                          Learning iteration 124/1500                           [0m 

                            Total steps: 12288000 
                       Steps per second: 12604 
                        Collection time: 7.583s 
                          Learning time: 0.216s 
                        Mean value loss: 927.9322
                    Mean surrogate loss: -0.0084
                      Mean entropy loss: 4.1432
                            Mean reward: -1876.62
                    Mean episode length: 250.00
                        Mean action std: 0.41
         Episode_Reward/reaching_object: 0.0000
          Episode_Reward/lifting_object: 0.0000
    Episode_Reward/object_goal_tracking: 0.0000
Episode_Reward/object_goal_tracking_fine_grained: 0.0000
             Episode_Reward/action_rate: 0.0000
               Episode_Reward/joint_vel: 0.0000
                 Curriculum/action_rate: 0.0000
                   Curriculum/joint_vel: 0.0000
     Metrics/object_pose/position_error: 0.2287
  Metrics/object_pose/orientation_error: 3.1040
           Episode_Termination/time_out: 1.0000
    Episode_Termination/object_dropping: 0.0000
--------------------------------------------------------------------------------
                         Iteration time: 7.80s
                           Time elapsed: 00:16:24
                                    ETA: 03:00:24

################################################################################
[1m                          Learning iteration 125/1500                           [0m 

                            Total steps: 12386304 
                       Steps per second: 12560 
                        Collection time: 7.611s 
                          Learning time: 0.215s 
                        Mean value loss: 898.3244
                    Mean surrogate loss: -0.0073
                      Mean entropy loss: 4.0635
                            Mean reward: -1864.93
                    Mean episode length: 250.00
                        Mean action std: 0.40
         Episode_Reward/reaching_object: 0.0000
          Episode_Reward/lifting_object: 0.0000
    Episode_Reward/object_goal_tracking: 0.0000
Episode_Reward/object_goal_tracking_fine_grained: 0.0000
             Episode_Reward/action_rate: 0.0000
               Episode_Reward/joint_vel: 0.0000
                 Curriculum/action_rate: 0.0000
                   Curriculum/joint_vel: 0.0000
     Metrics/object_pose/position_error: 0.2273
  Metrics/object_pose/orientation_error: 3.1039
           Episode_Termination/time_out: 1.0000
    Episode_Termination/object_dropping: 0.0000
--------------------------------------------------------------------------------
                         Iteration time: 7.83s
                           Time elapsed: 00:16:31
                                    ETA: 03:00:16

################################################################################
[1m                          Learning iteration 126/1500                           [0m 

                            Total steps: 12484608 
                       Steps per second: 12544 
                        Collection time: 7.622s 
                          Learning time: 0.215s 
                        Mean value loss: 883.3036
                    Mean surrogate loss: -0.0086
                      Mean entropy loss: 3.9523
                            Mean reward: -1848.30
                    Mean episode length: 250.00
                        Mean action std: 0.40
         Episode_Reward/reaching_object: 0.0000
          Episode_Reward/lifting_object: 0.0000
    Episode_Reward/object_goal_tracking: 0.0000
Episode_Reward/object_goal_tracking_fine_grained: 0.0000
             Episode_Reward/action_rate: 0.0000
               Episode_Reward/joint_vel: 0.0000
                 Curriculum/action_rate: 0.0000
                   Curriculum/joint_vel: 0.0000
     Metrics/object_pose/position_error: 0.2275
  Metrics/object_pose/orientation_error: 3.1057
           Episode_Termination/time_out: 1.0000
    Episode_Termination/object_dropping: 0.0000
--------------------------------------------------------------------------------
                         Iteration time: 7.84s
                           Time elapsed: 00:16:39
                                    ETA: 03:00:07

################################################################################
[1m                          Learning iteration 127/1500                           [0m 

                            Total steps: 12582912 
                       Steps per second: 12535 
                        Collection time: 7.627s 
                          Learning time: 0.215s 
                        Mean value loss: 838.0001
                    Mean surrogate loss: -0.0079
                      Mean entropy loss: 3.8722
                            Mean reward: -1829.81
                    Mean episode length: 250.00
                        Mean action std: 0.39
         Episode_Reward/reaching_object: 0.0000
          Episode_Reward/lifting_object: 0.0000
    Episode_Reward/object_goal_tracking: 0.0000
Episode_Reward/object_goal_tracking_fine_grained: 0.0000
             Episode_Reward/action_rate: 0.0000
               Episode_Reward/joint_vel: 0.0000
                 Curriculum/action_rate: 0.0000
                   Curriculum/joint_vel: 0.0000
     Metrics/object_pose/position_error: 0.2285
  Metrics/object_pose/orientation_error: 3.1058
           Episode_Termination/time_out: 1.0000
    Episode_Termination/object_dropping: 0.0000
--------------------------------------------------------------------------------
                         Iteration time: 7.84s
                           Time elapsed: 00:16:47
                                    ETA: 02:59:59

################################################################################
[1m                          Learning iteration 128/1500                           [0m 

                            Total steps: 12681216 
                       Steps per second: 12537 
                        Collection time: 7.626s 
                          Learning time: 0.215s 
                        Mean value loss: 801.1067
                    Mean surrogate loss: -0.0081
                      Mean entropy loss: 3.7615
                            Mean reward: -1831.54
                    Mean episode length: 250.00
                        Mean action std: 0.39
         Episode_Reward/reaching_object: 0.0000
          Episode_Reward/lifting_object: 0.0000
    Episode_Reward/object_goal_tracking: 0.0000
Episode_Reward/object_goal_tracking_fine_grained: 0.0000
             Episode_Reward/action_rate: 0.0000
               Episode_Reward/joint_vel: 0.0000
                 Curriculum/action_rate: 0.0000
                   Curriculum/joint_vel: 0.0000
     Metrics/object_pose/position_error: 0.2303
  Metrics/object_pose/orientation_error: 3.1054
           Episode_Termination/time_out: 1.0000
    Episode_Termination/object_dropping: 0.0000
--------------------------------------------------------------------------------
                         Iteration time: 7.84s
                           Time elapsed: 00:16:55
                                    ETA: 02:59:51

################################################################################
[1m                          Learning iteration 129/1500                           [0m 

                            Total steps: 12779520 
                       Steps per second: 12599 
                        Collection time: 7.587s 
                          Learning time: 0.215s 
                        Mean value loss: 772.9381
                    Mean surrogate loss: -0.0077
                      Mean entropy loss: 3.6675
                            Mean reward: -1854.94
                    Mean episode length: 250.00
                        Mean action std: 0.38
         Episode_Reward/reaching_object: 0.0000
          Episode_Reward/lifting_object: 0.0000
    Episode_Reward/object_goal_tracking: 0.0000
Episode_Reward/object_goal_tracking_fine_grained: 0.0000
             Episode_Reward/action_rate: 0.0000
               Episode_Reward/joint_vel: 0.0000
                 Curriculum/action_rate: 0.0000
                   Curriculum/joint_vel: 0.0000
     Metrics/object_pose/position_error: 0.2333
  Metrics/object_pose/orientation_error: 3.1042
           Episode_Termination/time_out: 1.0000
    Episode_Termination/object_dropping: 0.0000
--------------------------------------------------------------------------------
                         Iteration time: 7.80s
                           Time elapsed: 00:17:03
                                    ETA: 02:59:42

################################################################################
[1m                          Learning iteration 130/1500                           [0m 

                            Total steps: 12877824 
                       Steps per second: 12602 
                        Collection time: 7.585s 
                          Learning time: 0.215s 
                        Mean value loss: 705.2683
                    Mean surrogate loss: -0.0076
                      Mean entropy loss: 3.5577
                            Mean reward: -1823.44
                    Mean episode length: 250.00
                        Mean action std: 0.38
         Episode_Reward/reaching_object: 0.0000
          Episode_Reward/lifting_object: 0.0000
    Episode_Reward/object_goal_tracking: 0.0000
Episode_Reward/object_goal_tracking_fine_grained: 0.0000
             Episode_Reward/action_rate: 0.0000
               Episode_Reward/joint_vel: 0.0000
                 Curriculum/action_rate: 0.0000
                   Curriculum/joint_vel: 0.0000
     Metrics/object_pose/position_error: 0.2287
  Metrics/object_pose/orientation_error: 3.1074
           Episode_Termination/time_out: 1.0000
    Episode_Termination/object_dropping: 0.0000
--------------------------------------------------------------------------------
                         Iteration time: 7.80s
                           Time elapsed: 00:17:10
                                    ETA: 02:59:34

################################################################################
[1m                          Learning iteration 131/1500                           [0m 

                            Total steps: 12976128 
                       Steps per second: 12596 
                        Collection time: 7.589s 
                          Learning time: 0.215s 
                        Mean value loss: 677.8384
                    Mean surrogate loss: -0.0078
                      Mean entropy loss: 3.4483
                            Mean reward: -1801.72
                    Mean episode length: 250.00
                        Mean action std: 0.37
         Episode_Reward/reaching_object: 0.0000
          Episode_Reward/lifting_object: 0.0000
    Episode_Reward/object_goal_tracking: 0.0000
Episode_Reward/object_goal_tracking_fine_grained: 0.0000
             Episode_Reward/action_rate: 0.0000
               Episode_Reward/joint_vel: 0.0000
                 Curriculum/action_rate: 0.0000
                   Curriculum/joint_vel: 0.0000
     Metrics/object_pose/position_error: 0.2303
  Metrics/object_pose/orientation_error: 3.1056
           Episode_Termination/time_out: 1.0000
    Episode_Termination/object_dropping: 0.0000
--------------------------------------------------------------------------------
                         Iteration time: 7.80s
                           Time elapsed: 00:17:18
                                    ETA: 02:59:25

################################################################################
[1m                          Learning iteration 132/1500                           [0m 

                            Total steps: 13074432 
                       Steps per second: 12539 
                        Collection time: 7.622s 
                          Learning time: 0.217s 
                        Mean value loss: 653.0411
                    Mean surrogate loss: -0.0076
                      Mean entropy loss: 3.3302
                            Mean reward: -1799.42
                    Mean episode length: 250.00
                        Mean action std: 0.37
         Episode_Reward/reaching_object: 0.0000
          Episode_Reward/lifting_object: 0.0000
    Episode_Reward/object_goal_tracking: 0.0000
Episode_Reward/object_goal_tracking_fine_grained: 0.0000
             Episode_Reward/action_rate: 0.0000
               Episode_Reward/joint_vel: 0.0000
                 Curriculum/action_rate: 0.0000
                   Curriculum/joint_vel: 0.0000
     Metrics/object_pose/position_error: 0.2287
  Metrics/object_pose/orientation_error: 3.1070
           Episode_Termination/time_out: 1.0000
    Episode_Termination/object_dropping: 0.0000
--------------------------------------------------------------------------------
                         Iteration time: 7.84s
                           Time elapsed: 00:17:26
                                    ETA: 02:59:17

################################################################################
[1m                          Learning iteration 133/1500                           [0m 

                            Total steps: 13172736 
                       Steps per second: 12581 
                        Collection time: 7.599s 
                          Learning time: 0.214s 
                        Mean value loss: 628.1987
                    Mean surrogate loss: -0.0077
                      Mean entropy loss: 3.2619
                            Mean reward: -1814.64
                    Mean episode length: 250.00
                        Mean action std: 0.36
         Episode_Reward/reaching_object: 0.0000
          Episode_Reward/lifting_object: 0.0000
    Episode_Reward/object_goal_tracking: 0.0000
Episode_Reward/object_goal_tracking_fine_grained: 0.0000
             Episode_Reward/action_rate: 0.0000
               Episode_Reward/joint_vel: 0.0000
                 Curriculum/action_rate: 0.0000
                   Curriculum/joint_vel: 0.0000
     Metrics/object_pose/position_error: 0.2330
  Metrics/object_pose/orientation_error: 3.1085
           Episode_Termination/time_out: 1.0000
    Episode_Termination/object_dropping: 0.0000
--------------------------------------------------------------------------------
                         Iteration time: 7.81s
                           Time elapsed: 00:17:34
                                    ETA: 02:59:09

################################################################################
[1m                          Learning iteration 134/1500                           [0m 

                            Total steps: 13271040 
                       Steps per second: 12599 
                        Collection time: 7.587s 
                          Learning time: 0.215s 
                        Mean value loss: 620.7694
                    Mean surrogate loss: -0.0079
                      Mean entropy loss: 3.1473
                            Mean reward: -1802.84
                    Mean episode length: 250.00
                        Mean action std: 0.36
         Episode_Reward/reaching_object: 0.0000
          Episode_Reward/lifting_object: 0.0000
    Episode_Reward/object_goal_tracking: 0.0000
Episode_Reward/object_goal_tracking_fine_grained: 0.0000
             Episode_Reward/action_rate: 0.0000
               Episode_Reward/joint_vel: 0.0000
                 Curriculum/action_rate: 0.0000
                   Curriculum/joint_vel: 0.0000
     Metrics/object_pose/position_error: 0.2255
  Metrics/object_pose/orientation_error: 3.1094
           Episode_Termination/time_out: 1.0000
    Episode_Termination/object_dropping: 0.0000
--------------------------------------------------------------------------------
                         Iteration time: 7.80s
                           Time elapsed: 00:17:42
                                    ETA: 02:59:00

################################################################################
[1m                          Learning iteration 135/1500                           [0m 

                            Total steps: 13369344 
                       Steps per second: 12557 
                        Collection time: 7.613s 
                          Learning time: 0.216s 
                        Mean value loss: 601.0991
                    Mean surrogate loss: -0.0068
                      Mean entropy loss: 3.0485
                            Mean reward: -1779.59
                    Mean episode length: 250.00
                        Mean action std: 0.36
         Episode_Reward/reaching_object: 0.0000
          Episode_Reward/lifting_object: 0.0000
    Episode_Reward/object_goal_tracking: 0.0000
Episode_Reward/object_goal_tracking_fine_grained: 0.0000
             Episode_Reward/action_rate: 0.0000
               Episode_Reward/joint_vel: 0.0000
                 Curriculum/action_rate: 0.0000
                   Curriculum/joint_vel: 0.0000
     Metrics/object_pose/position_error: 0.2276
  Metrics/object_pose/orientation_error: 3.1099
           Episode_Termination/time_out: 1.0000
    Episode_Termination/object_dropping: 0.0000
--------------------------------------------------------------------------------
                         Iteration time: 7.83s
                           Time elapsed: 00:17:50
                                    ETA: 02:58:52

################################################################################
[1m                          Learning iteration 136/1500                           [0m 

                            Total steps: 13467648 
                       Steps per second: 12636 
                        Collection time: 7.564s 
                          Learning time: 0.215s 
                        Mean value loss: 574.5571
                    Mean surrogate loss: -0.0098
                      Mean entropy loss: 2.9305
                            Mean reward: -1793.95
                    Mean episode length: 250.00
                        Mean action std: 0.35
         Episode_Reward/reaching_object: 0.0000
          Episode_Reward/lifting_object: 0.0000
    Episode_Reward/object_goal_tracking: 0.0000
Episode_Reward/object_goal_tracking_fine_grained: 0.0000
             Episode_Reward/action_rate: 0.0000
               Episode_Reward/joint_vel: 0.0000
                 Curriculum/action_rate: 0.0000
                   Curriculum/joint_vel: 0.0000
     Metrics/object_pose/position_error: 0.2248
  Metrics/object_pose/orientation_error: 3.1088
           Episode_Termination/time_out: 1.0000
    Episode_Termination/object_dropping: 0.0000
--------------------------------------------------------------------------------
                         Iteration time: 7.78s
                           Time elapsed: 00:17:57
                                    ETA: 02:58:43

################################################################################
[1m                          Learning iteration 137/1500                           [0m 

                            Total steps: 13565952 
                       Steps per second: 12595 
                        Collection time: 7.590s 
                          Learning time: 0.215s 
                        Mean value loss: 545.8356
                    Mean surrogate loss: -0.0069
                      Mean entropy loss: 2.7890
                            Mean reward: -1769.64
                    Mean episode length: 250.00
                        Mean action std: 0.35
         Episode_Reward/reaching_object: 0.0000
          Episode_Reward/lifting_object: 0.0000
    Episode_Reward/object_goal_tracking: 0.0000
Episode_Reward/object_goal_tracking_fine_grained: 0.0000
             Episode_Reward/action_rate: 0.0000
               Episode_Reward/joint_vel: 0.0000
                 Curriculum/action_rate: 0.0000
                   Curriculum/joint_vel: 0.0000
     Metrics/object_pose/position_error: 0.2317
  Metrics/object_pose/orientation_error: 3.1100
           Episode_Termination/time_out: 1.0000
    Episode_Termination/object_dropping: 0.0000
--------------------------------------------------------------------------------
                         Iteration time: 7.80s
                           Time elapsed: 00:18:05
                                    ETA: 02:58:34

################################################################################
[1m                          Learning iteration 138/1500                           [0m 

                            Total steps: 13664256 
                       Steps per second: 12578 
                        Collection time: 7.600s 
                          Learning time: 0.216s 
                        Mean value loss: 520.7935
                    Mean surrogate loss: -0.0086
                      Mean entropy loss: 2.7121
                            Mean reward: -1742.84
                    Mean episode length: 250.00
                        Mean action std: 0.34
         Episode_Reward/reaching_object: 0.0000
          Episode_Reward/lifting_object: 0.0000
    Episode_Reward/object_goal_tracking: 0.0000
Episode_Reward/object_goal_tracking_fine_grained: 0.0000
             Episode_Reward/action_rate: 0.0000
               Episode_Reward/joint_vel: 0.0000
                 Curriculum/action_rate: 0.0000
                   Curriculum/joint_vel: 0.0000
     Metrics/object_pose/position_error: 0.2260
  Metrics/object_pose/orientation_error: 3.1131
           Episode_Termination/time_out: 1.0000
    Episode_Termination/object_dropping: 0.0000
--------------------------------------------------------------------------------
                         Iteration time: 7.82s
                           Time elapsed: 00:18:13
                                    ETA: 02:58:26

################################################################################
[1m                          Learning iteration 139/1500                           [0m 

                            Total steps: 13762560 
                       Steps per second: 12628 
                        Collection time: 7.569s 
                          Learning time: 0.215s 
                        Mean value loss: 497.1840
                    Mean surrogate loss: -0.0078
                      Mean entropy loss: 2.6260
                            Mean reward: -1747.29
                    Mean episode length: 250.00
                        Mean action std: 0.34
         Episode_Reward/reaching_object: 0.0000
          Episode_Reward/lifting_object: 0.0000
    Episode_Reward/object_goal_tracking: 0.0000
Episode_Reward/object_goal_tracking_fine_grained: 0.0000
             Episode_Reward/action_rate: 0.0000
               Episode_Reward/joint_vel: 0.0000
                 Curriculum/action_rate: 0.0000
                   Curriculum/joint_vel: 0.0000
     Metrics/object_pose/position_error: 0.2281
  Metrics/object_pose/orientation_error: 3.1125
           Episode_Termination/time_out: 1.0000
    Episode_Termination/object_dropping: 0.0000
--------------------------------------------------------------------------------
                         Iteration time: 7.78s
                           Time elapsed: 00:18:21
                                    ETA: 02:58:17

################################################################################
[1m                          Learning iteration 140/1500                           [0m 

                            Total steps: 13860864 
                       Steps per second: 12573 
                        Collection time: 7.604s 
                          Learning time: 0.215s 
                        Mean value loss: 485.1353
                    Mean surrogate loss: -0.0083
                      Mean entropy loss: 2.5209
                            Mean reward: -1734.77
                    Mean episode length: 250.00
                        Mean action std: 0.33
         Episode_Reward/reaching_object: 0.0000
          Episode_Reward/lifting_object: 0.0000
    Episode_Reward/object_goal_tracking: 0.0000
Episode_Reward/object_goal_tracking_fine_grained: 0.0000
             Episode_Reward/action_rate: 0.0000
               Episode_Reward/joint_vel: 0.0000
                 Curriculum/action_rate: 0.0000
                   Curriculum/joint_vel: 0.0000
     Metrics/object_pose/position_error: 0.2300
  Metrics/object_pose/orientation_error: 3.1082
           Episode_Termination/time_out: 1.0000
    Episode_Termination/object_dropping: 0.0000
--------------------------------------------------------------------------------
                         Iteration time: 7.82s
                           Time elapsed: 00:18:29
                                    ETA: 02:58:09

################################################################################
[1m                          Learning iteration 141/1500                           [0m 

                            Total steps: 13959168 
                       Steps per second: 12580 
                        Collection time: 7.598s 
                          Learning time: 0.216s 
                        Mean value loss: 464.0680
                    Mean surrogate loss: -0.0087
                      Mean entropy loss: 2.3607
                            Mean reward: -1736.81
                    Mean episode length: 250.00
                        Mean action std: 0.33
         Episode_Reward/reaching_object: 0.0000
          Episode_Reward/lifting_object: 0.0000
    Episode_Reward/object_goal_tracking: 0.0000
Episode_Reward/object_goal_tracking_fine_grained: 0.0000
             Episode_Reward/action_rate: 0.0000
               Episode_Reward/joint_vel: 0.0000
                 Curriculum/action_rate: 0.0000
                   Curriculum/joint_vel: 0.0000
     Metrics/object_pose/position_error: 0.2317
  Metrics/object_pose/orientation_error: 3.1103
           Episode_Termination/time_out: 1.0000
    Episode_Termination/object_dropping: 0.0000
--------------------------------------------------------------------------------
                         Iteration time: 7.81s
                           Time elapsed: 00:18:36
                                    ETA: 02:58:01

################################################################################
[1m                          Learning iteration 142/1500                           [0m 

                            Total steps: 14057472 
                       Steps per second: 12588 
                        Collection time: 7.593s 
                          Learning time: 0.215s 
                        Mean value loss: 431.0083
                    Mean surrogate loss: -0.0058
                      Mean entropy loss: 2.2318
                            Mean reward: -1730.39
                    Mean episode length: 250.00
                        Mean action std: 0.32
         Episode_Reward/reaching_object: 0.0000
          Episode_Reward/lifting_object: 0.0000
    Episode_Reward/object_goal_tracking: 0.0000
Episode_Reward/object_goal_tracking_fine_grained: 0.0000
             Episode_Reward/action_rate: 0.0000
               Episode_Reward/joint_vel: 0.0000
                 Curriculum/action_rate: 0.0000
                   Curriculum/joint_vel: 0.0000
     Metrics/object_pose/position_error: 0.2317
  Metrics/object_pose/orientation_error: 3.1118
           Episode_Termination/time_out: 1.0000
    Episode_Termination/object_dropping: 0.0000
--------------------------------------------------------------------------------
                         Iteration time: 7.81s
                           Time elapsed: 00:18:44
                                    ETA: 02:57:52

################################################################################
[1m                          Learning iteration 143/1500                           [0m 

                            Total steps: 14155776 
                       Steps per second: 12596 
                        Collection time: 7.590s 
                          Learning time: 0.214s 
                        Mean value loss: 419.6149
                    Mean surrogate loss: -0.0080
                      Mean entropy loss: 2.1121
                            Mean reward: -1714.00
                    Mean episode length: 250.00
                        Mean action std: 0.32
         Episode_Reward/reaching_object: 0.0000
          Episode_Reward/lifting_object: 0.0000
    Episode_Reward/object_goal_tracking: 0.0000
Episode_Reward/object_goal_tracking_fine_grained: 0.0000
             Episode_Reward/action_rate: 0.0000
               Episode_Reward/joint_vel: 0.0000
                 Curriculum/action_rate: 0.0000
                   Curriculum/joint_vel: 0.0000
     Metrics/object_pose/position_error: 0.2316
  Metrics/object_pose/orientation_error: 3.1122
           Episode_Termination/time_out: 1.0000
    Episode_Termination/object_dropping: 0.0000
--------------------------------------------------------------------------------
                         Iteration time: 7.80s
                           Time elapsed: 00:18:52
                                    ETA: 02:57:44

################################################################################
[1m                          Learning iteration 144/1500                           [0m 

                            Total steps: 14254080 
                       Steps per second: 12578 
                        Collection time: 7.600s 
                          Learning time: 0.215s 
                        Mean value loss: 394.0974
                    Mean surrogate loss: -0.0102
                      Mean entropy loss: 1.9375
                            Mean reward: -1722.14
                    Mean episode length: 250.00
                        Mean action std: 0.31
         Episode_Reward/reaching_object: 0.0000
          Episode_Reward/lifting_object: 0.0000
    Episode_Reward/object_goal_tracking: 0.0000
Episode_Reward/object_goal_tracking_fine_grained: 0.0000
             Episode_Reward/action_rate: 0.0000
               Episode_Reward/joint_vel: 0.0000
                 Curriculum/action_rate: 0.0000
                   Curriculum/joint_vel: 0.0000
     Metrics/object_pose/position_error: 0.2364
  Metrics/object_pose/orientation_error: 3.1121
           Episode_Termination/time_out: 1.0000
    Episode_Termination/object_dropping: 0.0000
--------------------------------------------------------------------------------
                         Iteration time: 7.82s
                           Time elapsed: 00:19:00
                                    ETA: 02:57:36

################################################################################
[1m                          Learning iteration 145/1500                           [0m 

                            Total steps: 14352384 
                       Steps per second: 12568 
                        Collection time: 7.607s 
                          Learning time: 0.215s 
                        Mean value loss: 368.2202
                    Mean surrogate loss: -0.0095
                      Mean entropy loss: 1.7832
                            Mean reward: -1716.99
                    Mean episode length: 250.00
                        Mean action std: 0.30
         Episode_Reward/reaching_object: 0.0000
          Episode_Reward/lifting_object: 0.0000
    Episode_Reward/object_goal_tracking: 0.0000
Episode_Reward/object_goal_tracking_fine_grained: 0.0000
             Episode_Reward/action_rate: 0.0000
               Episode_Reward/joint_vel: 0.0000
                 Curriculum/action_rate: 0.0000
                   Curriculum/joint_vel: 0.0000
     Metrics/object_pose/position_error: 0.2348
  Metrics/object_pose/orientation_error: 3.1103
           Episode_Termination/time_out: 1.0000
    Episode_Termination/object_dropping: 0.0000
--------------------------------------------------------------------------------
                         Iteration time: 7.82s
                           Time elapsed: 00:19:08
                                    ETA: 02:57:27

################################################################################
[1m                          Learning iteration 146/1500                           [0m 

                            Total steps: 14450688 
                       Steps per second: 12549 
                        Collection time: 7.618s 
                          Learning time: 0.215s 
                        Mean value loss: 349.5844
                    Mean surrogate loss: -0.0093
                      Mean entropy loss: 1.6119
                            Mean reward: -1666.99
                    Mean episode length: 250.00
                        Mean action std: 0.30
         Episode_Reward/reaching_object: 0.0000
          Episode_Reward/lifting_object: 0.0000
    Episode_Reward/object_goal_tracking: 0.0000
Episode_Reward/object_goal_tracking_fine_grained: 0.0000
             Episode_Reward/action_rate: 0.0000
               Episode_Reward/joint_vel: 0.0000
                 Curriculum/action_rate: 0.0000
                   Curriculum/joint_vel: 0.0000
     Metrics/object_pose/position_error: 0.2267
  Metrics/object_pose/orientation_error: 3.1104
           Episode_Termination/time_out: 1.0000
    Episode_Termination/object_dropping: 0.0000
--------------------------------------------------------------------------------
                         Iteration time: 7.83s
                           Time elapsed: 00:19:15
                                    ETA: 02:57:19

################################################################################
[1m                          Learning iteration 147/1500                           [0m 

                            Total steps: 14548992 
                       Steps per second: 12536 
                        Collection time: 7.626s 
                          Learning time: 0.215s 
                        Mean value loss: 327.2993
                    Mean surrogate loss: -0.0096
                      Mean entropy loss: 1.4416
                            Mean reward: -1670.25
                    Mean episode length: 250.00
                        Mean action std: 0.29
         Episode_Reward/reaching_object: 0.0000
          Episode_Reward/lifting_object: 0.0000
    Episode_Reward/object_goal_tracking: 0.0000
Episode_Reward/object_goal_tracking_fine_grained: 0.0000
             Episode_Reward/action_rate: 0.0000
               Episode_Reward/joint_vel: 0.0000
                 Curriculum/action_rate: 0.0000
                   Curriculum/joint_vel: 0.0000
     Metrics/object_pose/position_error: 0.2319
  Metrics/object_pose/orientation_error: 3.1118
           Episode_Termination/time_out: 1.0000
    Episode_Termination/object_dropping: 0.0000
--------------------------------------------------------------------------------
                         Iteration time: 7.84s
                           Time elapsed: 00:19:23
                                    ETA: 02:57:11

################################################################################
[1m                          Learning iteration 148/1500                           [0m 

                            Total steps: 14647296 
                       Steps per second: 12536 
                        Collection time: 7.626s 
                          Learning time: 0.215s 
                        Mean value loss: 312.4037
                    Mean surrogate loss: -0.0112
                      Mean entropy loss: 1.3092
                            Mean reward: -1649.90
                    Mean episode length: 250.00
                        Mean action std: 0.29
         Episode_Reward/reaching_object: 0.0000
          Episode_Reward/lifting_object: 0.0000
    Episode_Reward/object_goal_tracking: 0.0000
Episode_Reward/object_goal_tracking_fine_grained: 0.0000
             Episode_Reward/action_rate: 0.0000
               Episode_Reward/joint_vel: 0.0000
                 Curriculum/action_rate: 0.0000
                   Curriculum/joint_vel: 0.0000
     Metrics/object_pose/position_error: 0.2316
  Metrics/object_pose/orientation_error: 3.1091
           Episode_Termination/time_out: 1.0000
    Episode_Termination/object_dropping: 0.0000
--------------------------------------------------------------------------------
                         Iteration time: 7.84s
                           Time elapsed: 00:19:31
                                    ETA: 02:57:03

################################################################################
[1m                          Learning iteration 149/1500                           [0m 

                            Total steps: 14745600 
                       Steps per second: 12559 
                        Collection time: 7.612s 
                          Learning time: 0.215s 
                        Mean value loss: 292.4863
                    Mean surrogate loss: -0.0106
                      Mean entropy loss: 1.1350
                            Mean reward: -1621.93
                    Mean episode length: 250.00
                        Mean action std: 0.28
         Episode_Reward/reaching_object: 0.0000
          Episode_Reward/lifting_object: 0.0000
    Episode_Reward/object_goal_tracking: 0.0000
Episode_Reward/object_goal_tracking_fine_grained: 0.0000
             Episode_Reward/action_rate: 0.0000
               Episode_Reward/joint_vel: 0.0000
                 Curriculum/action_rate: 0.0000
                   Curriculum/joint_vel: 0.0000
     Metrics/object_pose/position_error: 0.2295
  Metrics/object_pose/orientation_error: 3.1085
           Episode_Termination/time_out: 1.0000
    Episode_Termination/object_dropping: 0.0000
--------------------------------------------------------------------------------
                         Iteration time: 7.83s
                           Time elapsed: 00:19:39
                                    ETA: 02:56:55

################################################################################
[1m                          Learning iteration 150/1500                           [0m 

                            Total steps: 14843904 
                       Steps per second: 12555 
                        Collection time: 7.615s 
                          Learning time: 0.215s 
                        Mean value loss: 273.5186
                    Mean surrogate loss: -0.0116
                      Mean entropy loss: 0.9772
                            Mean reward: -1624.14
                    Mean episode length: 250.00
                        Mean action std: 0.28
         Episode_Reward/reaching_object: 0.0000
          Episode_Reward/lifting_object: 0.0000
    Episode_Reward/object_goal_tracking: 0.0000
Episode_Reward/object_goal_tracking_fine_grained: 0.0000
             Episode_Reward/action_rate: 0.0000
               Episode_Reward/joint_vel: 0.0000
                 Curriculum/action_rate: 0.0000
                   Curriculum/joint_vel: 0.0000
     Metrics/object_pose/position_error: 0.2351
  Metrics/object_pose/orientation_error: 3.1121
           Episode_Termination/time_out: 1.0000
    Episode_Termination/object_dropping: 0.0000
--------------------------------------------------------------------------------
                         Iteration time: 7.83s
                           Time elapsed: 00:19:47
                                    ETA: 02:56:47

################################################################################
[1m                          Learning iteration 151/1500                           [0m 

                            Total steps: 14942208 
                       Steps per second: 12586 
                        Collection time: 7.595s 
                          Learning time: 0.215s 
                        Mean value loss: 246.4094
                    Mean surrogate loss: -0.0098
                      Mean entropy loss: 0.7784
                            Mean reward: -1606.12
                    Mean episode length: 250.00
                        Mean action std: 0.27
         Episode_Reward/reaching_object: 0.0000
          Episode_Reward/lifting_object: 0.0000
    Episode_Reward/object_goal_tracking: 0.0000
Episode_Reward/object_goal_tracking_fine_grained: 0.0000
             Episode_Reward/action_rate: 0.0000
               Episode_Reward/joint_vel: 0.0000
                 Curriculum/action_rate: 0.0000
                   Curriculum/joint_vel: 0.0000
     Metrics/object_pose/position_error: 0.2315
  Metrics/object_pose/orientation_error: 3.1113
           Episode_Termination/time_out: 1.0000
    Episode_Termination/object_dropping: 0.0000
--------------------------------------------------------------------------------
                         Iteration time: 7.81s
                           Time elapsed: 00:19:55
                                    ETA: 02:56:38

################################################################################
[1m                          Learning iteration 152/1500                           [0m 

                            Total steps: 15040512 
                       Steps per second: 12576 
                        Collection time: 7.600s 
                          Learning time: 0.217s 
                        Mean value loss: 227.6484
                    Mean surrogate loss: -0.0115
                      Mean entropy loss: 0.6221
                            Mean reward: -1603.62
                    Mean episode length: 250.00
                        Mean action std: 0.27
         Episode_Reward/reaching_object: 0.0000
          Episode_Reward/lifting_object: 0.0000
    Episode_Reward/object_goal_tracking: 0.0000
Episode_Reward/object_goal_tracking_fine_grained: 0.0000
             Episode_Reward/action_rate: 0.0000
               Episode_Reward/joint_vel: 0.0000
                 Curriculum/action_rate: 0.0000
                   Curriculum/joint_vel: 0.0000
     Metrics/object_pose/position_error: 0.2321
  Metrics/object_pose/orientation_error: 3.1118
           Episode_Termination/time_out: 1.0000
    Episode_Termination/object_dropping: 0.0000
--------------------------------------------------------------------------------
                         Iteration time: 7.82s
                           Time elapsed: 00:20:02
                                    ETA: 02:56:30

################################################################################
[1m                          Learning iteration 153/1500                           [0m 

                            Total steps: 15138816 
                       Steps per second: 12551 
                        Collection time: 7.617s 
                          Learning time: 0.215s 
                        Mean value loss: 209.8890
                    Mean surrogate loss: -0.0108
                      Mean entropy loss: 0.3930
                            Mean reward: -1594.52
                    Mean episode length: 250.00
                        Mean action std: 0.26
         Episode_Reward/reaching_object: 0.0000
          Episode_Reward/lifting_object: 0.0000
    Episode_Reward/object_goal_tracking: 0.0000
Episode_Reward/object_goal_tracking_fine_grained: 0.0000
             Episode_Reward/action_rate: 0.0000
               Episode_Reward/joint_vel: 0.0000
                 Curriculum/action_rate: 0.0000
                   Curriculum/joint_vel: 0.0000
     Metrics/object_pose/position_error: 0.2382
  Metrics/object_pose/orientation_error: 3.1111
           Episode_Termination/time_out: 1.0000
    Episode_Termination/object_dropping: 0.0000
--------------------------------------------------------------------------------
                         Iteration time: 7.83s
                           Time elapsed: 00:20:10
                                    ETA: 02:56:22

################################################################################
[1m                          Learning iteration 154/1500                           [0m 

                            Total steps: 15237120 
                       Steps per second: 12538 
                        Collection time: 7.625s 
                          Learning time: 0.216s 
                        Mean value loss: 197.4494
                    Mean surrogate loss: -0.0108
                      Mean entropy loss: 0.2744
                            Mean reward: -1570.77
                    Mean episode length: 250.00
                        Mean action std: 0.26
         Episode_Reward/reaching_object: 0.0000
          Episode_Reward/lifting_object: 0.0000
    Episode_Reward/object_goal_tracking: 0.0000
Episode_Reward/object_goal_tracking_fine_grained: 0.0000
             Episode_Reward/action_rate: 0.0000
               Episode_Reward/joint_vel: 0.0000
                 Curriculum/action_rate: 0.0000
                   Curriculum/joint_vel: 0.0000
     Metrics/object_pose/position_error: 0.2324
  Metrics/object_pose/orientation_error: 3.1088
           Episode_Termination/time_out: 1.0000
    Episode_Termination/object_dropping: 0.0000
--------------------------------------------------------------------------------
                         Iteration time: 7.84s
                           Time elapsed: 00:20:18
                                    ETA: 02:56:14

################################################################################
[1m                          Learning iteration 155/1500                           [0m 

                            Total steps: 15335424 
                       Steps per second: 12564 
                        Collection time: 7.609s 
                          Learning time: 0.215s 
                        Mean value loss: 183.4203
                    Mean surrogate loss: -0.0113
                      Mean entropy loss: 0.1762
                            Mean reward: -1529.79
                    Mean episode length: 250.00
                        Mean action std: 0.25
         Episode_Reward/reaching_object: 0.0000
          Episode_Reward/lifting_object: 0.0000
    Episode_Reward/object_goal_tracking: 0.0000
Episode_Reward/object_goal_tracking_fine_grained: 0.0000
             Episode_Reward/action_rate: 0.0000
               Episode_Reward/joint_vel: 0.0000
                 Curriculum/action_rate: 0.0000
                   Curriculum/joint_vel: 0.0000
     Metrics/object_pose/position_error: 0.2288
  Metrics/object_pose/orientation_error: 3.1102
           Episode_Termination/time_out: 1.0000
    Episode_Termination/object_dropping: 0.0000
--------------------------------------------------------------------------------
                         Iteration time: 7.82s
                           Time elapsed: 00:20:26
                                    ETA: 02:56:06

################################################################################
[1m                          Learning iteration 156/1500                           [0m 

                            Total steps: 15433728 
                       Steps per second: 12617 
                        Collection time: 7.575s 
                          Learning time: 0.216s 
                        Mean value loss: 170.2265
                    Mean surrogate loss: -0.0121
                      Mean entropy loss: 0.0354
                            Mean reward: -1528.63
                    Mean episode length: 250.00
                        Mean action std: 0.25
         Episode_Reward/reaching_object: 0.0000
          Episode_Reward/lifting_object: 0.0000
    Episode_Reward/object_goal_tracking: 0.0000
Episode_Reward/object_goal_tracking_fine_grained: 0.0000
             Episode_Reward/action_rate: 0.0000
               Episode_Reward/joint_vel: 0.0000
                 Curriculum/action_rate: 0.0000
                   Curriculum/joint_vel: 0.0000
     Metrics/object_pose/position_error: 0.2411
  Metrics/object_pose/orientation_error: 3.1116
           Episode_Termination/time_out: 1.0000
    Episode_Termination/object_dropping: 0.0000
--------------------------------------------------------------------------------
                         Iteration time: 7.79s
                           Time elapsed: 00:20:34
                                    ETA: 02:55:57

################################################################################
[1m                          Learning iteration 157/1500                           [0m 

                            Total steps: 15532032 
                       Steps per second: 12503 
                        Collection time: 7.647s 
                          Learning time: 0.216s 
                        Mean value loss: 152.8269
                    Mean surrogate loss: -0.0119
                      Mean entropy loss: -0.1289
                            Mean reward: -1521.43
                    Mean episode length: 250.00
                        Mean action std: 0.25
         Episode_Reward/reaching_object: 0.0000
          Episode_Reward/lifting_object: 0.0000
    Episode_Reward/object_goal_tracking: 0.0000
Episode_Reward/object_goal_tracking_fine_grained: 0.0000
             Episode_Reward/action_rate: 0.0000
               Episode_Reward/joint_vel: 0.0000
                 Curriculum/action_rate: 0.0000
                   Curriculum/joint_vel: 0.0000
     Metrics/object_pose/position_error: 0.2299
  Metrics/object_pose/orientation_error: 3.1101
           Episode_Termination/time_out: 1.0000
    Episode_Termination/object_dropping: 0.0000
--------------------------------------------------------------------------------
                         Iteration time: 7.86s
                           Time elapsed: 00:20:42
                                    ETA: 02:55:49

################################################################################
[1m                          Learning iteration 158/1500                           [0m 

                            Total steps: 15630336 
                       Steps per second: 12547 
                        Collection time: 7.616s 
                          Learning time: 0.218s 
                        Mean value loss: 138.5147
                    Mean surrogate loss: -0.0109
                      Mean entropy loss: -0.2617
                            Mean reward: -1486.96
                    Mean episode length: 250.00
                        Mean action std: 0.24
         Episode_Reward/reaching_object: 0.0000
          Episode_Reward/lifting_object: 0.0000
    Episode_Reward/object_goal_tracking: 0.0000
Episode_Reward/object_goal_tracking_fine_grained: 0.0000
             Episode_Reward/action_rate: 0.0000
               Episode_Reward/joint_vel: 0.0000
                 Curriculum/action_rate: 0.0000
                   Curriculum/joint_vel: 0.0000
     Metrics/object_pose/position_error: 0.2346
  Metrics/object_pose/orientation_error: 3.1087
           Episode_Termination/time_out: 1.0000
    Episode_Termination/object_dropping: 0.0000
--------------------------------------------------------------------------------
                         Iteration time: 7.83s
                           Time elapsed: 00:20:49
                                    ETA: 02:55:41

################################################################################
[1m                          Learning iteration 159/1500                           [0m 

                            Total steps: 15728640 
                       Steps per second: 12544 
                        Collection time: 7.621s 
                          Learning time: 0.216s 
                        Mean value loss: 124.3637
                    Mean surrogate loss: -0.0103
                      Mean entropy loss: -0.4539
                            Mean reward: -1488.83
                    Mean episode length: 250.00
                        Mean action std: 0.24
         Episode_Reward/reaching_object: 0.0000
          Episode_Reward/lifting_object: 0.0000
    Episode_Reward/object_goal_tracking: 0.0000
Episode_Reward/object_goal_tracking_fine_grained: 0.0000
             Episode_Reward/action_rate: 0.0000
               Episode_Reward/joint_vel: 0.0000
                 Curriculum/action_rate: 0.0000
                   Curriculum/joint_vel: 0.0000
     Metrics/object_pose/position_error: 0.2391
  Metrics/object_pose/orientation_error: 3.1077
           Episode_Termination/time_out: 1.0000
    Episode_Termination/object_dropping: 0.0000
--------------------------------------------------------------------------------
                         Iteration time: 7.84s
                           Time elapsed: 00:20:57
                                    ETA: 02:55:33

################################################################################
[1m                          Learning iteration 160/1500                           [0m 

                            Total steps: 15826944 
                       Steps per second: 12547 
                        Collection time: 7.619s 
                          Learning time: 0.216s 
                        Mean value loss: 110.0727
                    Mean surrogate loss: -0.0117
                      Mean entropy loss: -0.6500
                            Mean reward: -1485.56
                    Mean episode length: 250.00
                        Mean action std: 0.23
         Episode_Reward/reaching_object: 0.0000
          Episode_Reward/lifting_object: 0.0000
    Episode_Reward/object_goal_tracking: 0.0000
Episode_Reward/object_goal_tracking_fine_grained: 0.0000
             Episode_Reward/action_rate: 0.0000
               Episode_Reward/joint_vel: 0.0000
                 Curriculum/action_rate: 0.0000
                   Curriculum/joint_vel: 0.0000
     Metrics/object_pose/position_error: 0.2366
  Metrics/object_pose/orientation_error: 3.1098
           Episode_Termination/time_out: 1.0000
    Episode_Termination/object_dropping: 0.0000
--------------------------------------------------------------------------------
                         Iteration time: 7.83s
                           Time elapsed: 00:21:05
                                    ETA: 02:55:25

################################################################################
[1m                          Learning iteration 161/1500                           [0m 

                            Total steps: 15925248 
                       Steps per second: 12527 
                        Collection time: 7.631s 
                          Learning time: 0.216s 
                        Mean value loss: 95.4498
                    Mean surrogate loss: -0.0118
                      Mean entropy loss: -0.8448
                            Mean reward: -1469.69
                    Mean episode length: 250.00
                        Mean action std: 0.23
         Episode_Reward/reaching_object: 0.0000
          Episode_Reward/lifting_object: 0.0000
    Episode_Reward/object_goal_tracking: 0.0000
Episode_Reward/object_goal_tracking_fine_grained: 0.0000
             Episode_Reward/action_rate: 0.0000
               Episode_Reward/joint_vel: 0.0000
                 Curriculum/action_rate: 0.0000
                   Curriculum/joint_vel: 0.0000
     Metrics/object_pose/position_error: 0.2306
  Metrics/object_pose/orientation_error: 3.1097
           Episode_Termination/time_out: 1.0000
    Episode_Termination/object_dropping: 0.0000
--------------------------------------------------------------------------------
                         Iteration time: 7.85s
                           Time elapsed: 00:21:13
                                    ETA: 02:55:17

################################################################################
[1m                          Learning iteration 162/1500                           [0m 

                            Total steps: 16023552 
                       Steps per second: 12514 
                        Collection time: 7.640s 
                          Learning time: 0.216s 
                        Mean value loss: 83.2247
                    Mean surrogate loss: -0.0107
                      Mean entropy loss: -1.0093
                            Mean reward: -1432.37
                    Mean episode length: 250.00
                        Mean action std: 0.22
         Episode_Reward/reaching_object: 0.0000
          Episode_Reward/lifting_object: 0.0000
    Episode_Reward/object_goal_tracking: 0.0000
Episode_Reward/object_goal_tracking_fine_grained: 0.0000
             Episode_Reward/action_rate: 0.0000
               Episode_Reward/joint_vel: 0.0000
                 Curriculum/action_rate: 0.0000
                   Curriculum/joint_vel: 0.0000
     Metrics/object_pose/position_error: 0.2341
  Metrics/object_pose/orientation_error: 3.1089
           Episode_Termination/time_out: 1.0000
    Episode_Termination/object_dropping: 0.0000
--------------------------------------------------------------------------------
                         Iteration time: 7.86s
                           Time elapsed: 00:21:21
                                    ETA: 02:55:09

################################################################################
[1m                          Learning iteration 163/1500                           [0m 

                            Total steps: 16121856 
                       Steps per second: 12581 
                        Collection time: 7.598s 
                          Learning time: 0.216s 
                        Mean value loss: 69.8089
                    Mean surrogate loss: -0.0121
                      Mean entropy loss: -1.2995
                            Mean reward: -1404.20
                    Mean episode length: 250.00
                        Mean action std: 0.21
         Episode_Reward/reaching_object: 0.0000
          Episode_Reward/lifting_object: 0.0000
    Episode_Reward/object_goal_tracking: 0.0000
Episode_Reward/object_goal_tracking_fine_grained: 0.0000
             Episode_Reward/action_rate: 0.0000
               Episode_Reward/joint_vel: 0.0000
                 Curriculum/action_rate: 0.0000
                   Curriculum/joint_vel: 0.0000
     Metrics/object_pose/position_error: 0.2364
  Metrics/object_pose/orientation_error: 3.1084
           Episode_Termination/time_out: 1.0000
    Episode_Termination/object_dropping: 0.0000
--------------------------------------------------------------------------------
                         Iteration time: 7.81s
                           Time elapsed: 00:21:29
                                    ETA: 02:55:01

################################################################################
[1m                          Learning iteration 164/1500                           [0m 

                            Total steps: 16220160 
                       Steps per second: 12575 
                        Collection time: 7.599s 
                          Learning time: 0.219s 
                        Mean value loss: 58.8500
                    Mean surrogate loss: -0.0107
                      Mean entropy loss: -1.4922
                            Mean reward: -1403.67
                    Mean episode length: 250.00
                        Mean action std: 0.21
         Episode_Reward/reaching_object: 0.0000
          Episode_Reward/lifting_object: 0.0000
    Episode_Reward/object_goal_tracking: 0.0000
Episode_Reward/object_goal_tracking_fine_grained: 0.0000
             Episode_Reward/action_rate: 0.0000
               Episode_Reward/joint_vel: 0.0000
                 Curriculum/action_rate: 0.0000
                   Curriculum/joint_vel: 0.0000
     Metrics/object_pose/position_error: 0.2368
  Metrics/object_pose/orientation_error: 3.1085
           Episode_Termination/time_out: 1.0000
    Episode_Termination/object_dropping: 0.0000
--------------------------------------------------------------------------------
                         Iteration time: 7.82s
                           Time elapsed: 00:21:36
                                    ETA: 02:54:53

################################################################################
[1m                          Learning iteration 165/1500                           [0m 

                            Total steps: 16318464 
                       Steps per second: 12592 
                        Collection time: 7.591s 
                          Learning time: 0.215s 
                        Mean value loss: 47.4353
                    Mean surrogate loss: -0.0111
                      Mean entropy loss: -1.7987
                            Mean reward: -1378.33
                    Mean episode length: 250.00
                        Mean action std: 0.20
         Episode_Reward/reaching_object: 0.0000
          Episode_Reward/lifting_object: 0.0000
    Episode_Reward/object_goal_tracking: 0.0000
Episode_Reward/object_goal_tracking_fine_grained: 0.0000
             Episode_Reward/action_rate: 0.0000
               Episode_Reward/joint_vel: 0.0000
                 Curriculum/action_rate: 0.0000
                   Curriculum/joint_vel: 0.0000
     Metrics/object_pose/position_error: 0.2387
  Metrics/object_pose/orientation_error: 3.1113
           Episode_Termination/time_out: 1.0000
    Episode_Termination/object_dropping: 0.0000
--------------------------------------------------------------------------------
                         Iteration time: 7.81s
                           Time elapsed: 00:21:44
                                    ETA: 02:54:45

################################################################################
[1m                          Learning iteration 166/1500                           [0m 

                            Total steps: 16416768 
                       Steps per second: 12599 
                        Collection time: 7.587s 
                          Learning time: 0.215s 
                        Mean value loss: 36.3662
                    Mean surrogate loss: -0.0108
                      Mean entropy loss: -2.0826
                            Mean reward: -1349.89
                    Mean episode length: 250.00
                        Mean action std: 0.19
         Episode_Reward/reaching_object: 0.0000
          Episode_Reward/lifting_object: 0.0000
    Episode_Reward/object_goal_tracking: 0.0000
Episode_Reward/object_goal_tracking_fine_grained: 0.0000
             Episode_Reward/action_rate: 0.0000
               Episode_Reward/joint_vel: 0.0000
                 Curriculum/action_rate: 0.0000
                   Curriculum/joint_vel: 0.0000
     Metrics/object_pose/position_error: 0.2357
  Metrics/object_pose/orientation_error: 3.1086
           Episode_Termination/time_out: 1.0000
    Episode_Termination/object_dropping: 0.0000
--------------------------------------------------------------------------------
                         Iteration time: 7.80s
                           Time elapsed: 00:21:52
                                    ETA: 02:54:36

################################################################################
[1m                          Learning iteration 167/1500                           [0m 

                            Total steps: 16515072 
                       Steps per second: 12572 
                        Collection time: 7.603s 
                          Learning time: 0.216s 
                        Mean value loss: 28.8242
                    Mean surrogate loss: -0.0121
                      Mean entropy loss: -2.4441
                            Mean reward: -1317.10
                    Mean episode length: 250.00
                        Mean action std: 0.19
         Episode_Reward/reaching_object: 0.0000
          Episode_Reward/lifting_object: 0.0000
    Episode_Reward/object_goal_tracking: 0.0000
Episode_Reward/object_goal_tracking_fine_grained: 0.0000
             Episode_Reward/action_rate: 0.0000
               Episode_Reward/joint_vel: 0.0000
                 Curriculum/action_rate: 0.0000
                   Curriculum/joint_vel: 0.0000
     Metrics/object_pose/position_error: 0.2360
  Metrics/object_pose/orientation_error: 3.1107
           Episode_Termination/time_out: 1.0000
    Episode_Termination/object_dropping: 0.0000
--------------------------------------------------------------------------------
                         Iteration time: 7.82s
                           Time elapsed: 00:22:00
                                    ETA: 02:54:28

################################################################################
[1m                          Learning iteration 168/1500                           [0m 

                            Total steps: 16613376 
                       Steps per second: 12523 
                        Collection time: 7.634s 
                          Learning time: 0.216s 
                        Mean value loss: 22.7338
                    Mean surrogate loss: -0.0096
                      Mean entropy loss: -2.6827
                            Mean reward: -1311.08
                    Mean episode length: 250.00
                        Mean action std: 0.18
         Episode_Reward/reaching_object: 0.0000
          Episode_Reward/lifting_object: 0.0000
    Episode_Reward/object_goal_tracking: 0.0000
Episode_Reward/object_goal_tracking_fine_grained: 0.0000
             Episode_Reward/action_rate: 0.0000
               Episode_Reward/joint_vel: 0.0000
                 Curriculum/action_rate: 0.0000
                   Curriculum/joint_vel: 0.0000
     Metrics/object_pose/position_error: 0.2409
  Metrics/object_pose/orientation_error: 3.1111
           Episode_Termination/time_out: 1.0000
    Episode_Termination/object_dropping: 0.0000
--------------------------------------------------------------------------------
                         Iteration time: 7.85s
                           Time elapsed: 00:22:08
                                    ETA: 02:54:20

################################################################################
[1m                          Learning iteration 169/1500                           [0m 

                            Total steps: 16711680 
                       Steps per second: 12558 
                        Collection time: 7.612s 
                          Learning time: 0.216s 
                        Mean value loss: 18.5196
                    Mean surrogate loss: -0.0113
                      Mean entropy loss: -3.0630
                            Mean reward: -1284.59
                    Mean episode length: 250.00
                        Mean action std: 0.18
         Episode_Reward/reaching_object: 0.0000
          Episode_Reward/lifting_object: 0.0000
    Episode_Reward/object_goal_tracking: 0.0000
Episode_Reward/object_goal_tracking_fine_grained: 0.0000
             Episode_Reward/action_rate: 0.0000
               Episode_Reward/joint_vel: 0.0000
                 Curriculum/action_rate: 0.0000
                   Curriculum/joint_vel: 0.0000
     Metrics/object_pose/position_error: 0.2320
  Metrics/object_pose/orientation_error: 3.1052
           Episode_Termination/time_out: 1.0000
    Episode_Termination/object_dropping: 0.0000
--------------------------------------------------------------------------------
                         Iteration time: 7.83s
                           Time elapsed: 00:22:16
                                    ETA: 02:54:12

################################################################################
[1m                          Learning iteration 170/1500                           [0m 

                            Total steps: 16809984 
                       Steps per second: 12582 
                        Collection time: 7.598s 
                          Learning time: 0.215s 
                        Mean value loss: 16.6174
                    Mean surrogate loss: -0.0103
                      Mean entropy loss: -3.3316
                            Mean reward: -1229.04
                    Mean episode length: 250.00
                        Mean action std: 0.17
         Episode_Reward/reaching_object: 0.0000
          Episode_Reward/lifting_object: 0.0000
    Episode_Reward/object_goal_tracking: 0.0000
Episode_Reward/object_goal_tracking_fine_grained: 0.0000
             Episode_Reward/action_rate: 0.0000
               Episode_Reward/joint_vel: 0.0000
                 Curriculum/action_rate: 0.0000
                   Curriculum/joint_vel: 0.0000
     Metrics/object_pose/position_error: 0.2386
  Metrics/object_pose/orientation_error: 3.1074
           Episode_Termination/time_out: 1.0000
    Episode_Termination/object_dropping: 0.0000
--------------------------------------------------------------------------------
                         Iteration time: 7.81s
                           Time elapsed: 00:22:23
                                    ETA: 02:54:04

################################################################################
[1m                          Learning iteration 171/1500                           [0m 

                            Total steps: 16908288 
                       Steps per second: 12606 
                        Collection time: 7.583s 
                          Learning time: 0.215s 
                        Mean value loss: 15.6117
                    Mean surrogate loss: -0.0077
                      Mean entropy loss: -3.5775
                            Mean reward: -1245.06
                    Mean episode length: 250.00
                        Mean action std: 0.17
         Episode_Reward/reaching_object: 0.0000
          Episode_Reward/lifting_object: 0.0000
    Episode_Reward/object_goal_tracking: 0.0000
Episode_Reward/object_goal_tracking_fine_grained: 0.0000
             Episode_Reward/action_rate: 0.0000
               Episode_Reward/joint_vel: 0.0000
                 Curriculum/action_rate: 0.0000
                   Curriculum/joint_vel: 0.0000
     Metrics/object_pose/position_error: 0.2442
  Metrics/object_pose/orientation_error: 3.1052
           Episode_Termination/time_out: 1.0000
    Episode_Termination/object_dropping: 0.0000
--------------------------------------------------------------------------------
                         Iteration time: 7.80s
                           Time elapsed: 00:22:31
                                    ETA: 02:53:55

################################################################################
[1m                          Learning iteration 172/1500                           [0m 

                            Total steps: 17006592 
                       Steps per second: 12556 
                        Collection time: 7.614s 
                          Learning time: 0.215s 
                        Mean value loss: 16.2905
                    Mean surrogate loss: -0.0098
                      Mean entropy loss: -3.9650
                            Mean reward: -1216.92
                    Mean episode length: 250.00
                        Mean action std: 0.16
         Episode_Reward/reaching_object: 0.0000
          Episode_Reward/lifting_object: 0.0000
    Episode_Reward/object_goal_tracking: 0.0000
Episode_Reward/object_goal_tracking_fine_grained: 0.0000
             Episode_Reward/action_rate: 0.0000
               Episode_Reward/joint_vel: 0.0000
                 Curriculum/action_rate: 0.0000
                   Curriculum/joint_vel: 0.0000
     Metrics/object_pose/position_error: 0.2393
  Metrics/object_pose/orientation_error: 3.1056
           Episode_Termination/time_out: 1.0000
    Episode_Termination/object_dropping: 0.0000
--------------------------------------------------------------------------------
                         Iteration time: 7.83s
                           Time elapsed: 00:22:39
                                    ETA: 02:53:47

################################################################################
[1m                          Learning iteration 173/1500                           [0m 

                            Total steps: 17104896 
                       Steps per second: 12566 
                        Collection time: 7.607s 
                          Learning time: 0.215s 
                        Mean value loss: 16.8976
                    Mean surrogate loss: -0.0077
                      Mean entropy loss: -4.1581
                            Mean reward: -1162.79
                    Mean episode length: 250.00
                        Mean action std: 0.16
         Episode_Reward/reaching_object: 0.0000
          Episode_Reward/lifting_object: 0.0000
    Episode_Reward/object_goal_tracking: 0.0000
Episode_Reward/object_goal_tracking_fine_grained: 0.0000
             Episode_Reward/action_rate: 0.0000
               Episode_Reward/joint_vel: 0.0000
                 Curriculum/action_rate: 0.0000
                   Curriculum/joint_vel: 0.0000
     Metrics/object_pose/position_error: 0.2386
  Metrics/object_pose/orientation_error: 3.0987
           Episode_Termination/time_out: 1.0000
    Episode_Termination/object_dropping: 0.0000
--------------------------------------------------------------------------------
                         Iteration time: 7.82s
                           Time elapsed: 00:22:47
                                    ETA: 02:53:39

################################################################################
[1m                          Learning iteration 174/1500                           [0m 

                            Total steps: 17203200 
                       Steps per second: 12568 
                        Collection time: 7.606s 
                          Learning time: 0.215s 
                        Mean value loss: 17.5694
                    Mean surrogate loss: -0.0081
                      Mean entropy loss: -4.4533
                            Mean reward: -1182.92
                    Mean episode length: 250.00
                        Mean action std: 0.15
         Episode_Reward/reaching_object: 0.0000
          Episode_Reward/lifting_object: 0.0000
    Episode_Reward/object_goal_tracking: 0.0000
Episode_Reward/object_goal_tracking_fine_grained: 0.0000
             Episode_Reward/action_rate: 0.0000
               Episode_Reward/joint_vel: 0.0000
                 Curriculum/action_rate: 0.0000
                   Curriculum/joint_vel: 0.0000
     Metrics/object_pose/position_error: 0.2367
  Metrics/object_pose/orientation_error: 3.0978
           Episode_Termination/time_out: 1.0000
    Episode_Termination/object_dropping: 0.0000
--------------------------------------------------------------------------------
                         Iteration time: 7.82s
                           Time elapsed: 00:22:55
                                    ETA: 02:53:31

################################################################################
[1m                          Learning iteration 175/1500                           [0m 

                            Total steps: 17301504 
                       Steps per second: 12567 
                        Collection time: 7.606s 
                          Learning time: 0.216s 
                        Mean value loss: 19.6245
                    Mean surrogate loss: -0.0054
                      Mean entropy loss: -4.6447
                            Mean reward: -1137.07
                    Mean episode length: 250.00
                        Mean action std: 0.15
         Episode_Reward/reaching_object: 0.0000
          Episode_Reward/lifting_object: 0.0000
    Episode_Reward/object_goal_tracking: 0.0000
Episode_Reward/object_goal_tracking_fine_grained: 0.0000
             Episode_Reward/action_rate: 0.0000
               Episode_Reward/joint_vel: 0.0000
                 Curriculum/action_rate: 0.0000
                   Curriculum/joint_vel: 0.0000
     Metrics/object_pose/position_error: 0.2315
  Metrics/object_pose/orientation_error: 3.0921
           Episode_Termination/time_out: 1.0000
    Episode_Termination/object_dropping: 0.0000
--------------------------------------------------------------------------------
                         Iteration time: 7.82s
                           Time elapsed: 00:23:02
                                    ETA: 02:53:23

################################################################################
[1m                          Learning iteration 176/1500                           [0m 

                            Total steps: 17399808 
                       Steps per second: 12631 
                        Collection time: 7.567s 
                          Learning time: 0.216s 
                        Mean value loss: 21.3888
                    Mean surrogate loss: -0.0065
                      Mean entropy loss: -4.8963
                            Mean reward: -1116.74
                    Mean episode length: 250.00
                        Mean action std: 0.15
         Episode_Reward/reaching_object: 0.0000
          Episode_Reward/lifting_object: 0.0000
    Episode_Reward/object_goal_tracking: 0.0000
Episode_Reward/object_goal_tracking_fine_grained: 0.0000
             Episode_Reward/action_rate: 0.0000
               Episode_Reward/joint_vel: 0.0000
                 Curriculum/action_rate: 0.0000
                   Curriculum/joint_vel: 0.0000
     Metrics/object_pose/position_error: 0.2415
  Metrics/object_pose/orientation_error: 3.0912
           Episode_Termination/time_out: 1.0000
    Episode_Termination/object_dropping: 0.0000
--------------------------------------------------------------------------------
                         Iteration time: 7.78s
                           Time elapsed: 00:23:10
                                    ETA: 02:53:15

################################################################################
[1m                          Learning iteration 177/1500                           [0m 

                            Total steps: 17498112 
                       Steps per second: 12622 
                        Collection time: 7.572s 
                          Learning time: 0.216s 
                        Mean value loss: 24.1861
                    Mean surrogate loss: -0.0069
                      Mean entropy loss: -5.1062
                            Mean reward: -1097.58
                    Mean episode length: 250.00
                        Mean action std: 0.14
         Episode_Reward/reaching_object: 0.0000
          Episode_Reward/lifting_object: 0.0000
    Episode_Reward/object_goal_tracking: 0.0000
Episode_Reward/object_goal_tracking_fine_grained: 0.0000
             Episode_Reward/action_rate: 0.0000
               Episode_Reward/joint_vel: 0.0000
                 Curriculum/action_rate: 0.0000
                   Curriculum/joint_vel: 0.0000
     Metrics/object_pose/position_error: 0.2427
  Metrics/object_pose/orientation_error: 3.0905
           Episode_Termination/time_out: 1.0000
    Episode_Termination/object_dropping: 0.0000
--------------------------------------------------------------------------------
                         Iteration time: 7.79s
                           Time elapsed: 00:23:18
                                    ETA: 02:53:06

################################################################################
[1m                          Learning iteration 178/1500                           [0m 

                            Total steps: 17596416 
                       Steps per second: 12679 
                        Collection time: 7.548s 
                          Learning time: 0.205s 
                        Mean value loss: 27.0248
                    Mean surrogate loss: -0.0035
                      Mean entropy loss: -5.3263
                            Mean reward: -1080.34
                    Mean episode length: 250.00
                        Mean action std: 0.14
         Episode_Reward/reaching_object: 0.0000
          Episode_Reward/lifting_object: 0.0000
    Episode_Reward/object_goal_tracking: 0.0000
Episode_Reward/object_goal_tracking_fine_grained: 0.0000
             Episode_Reward/action_rate: 0.0000
               Episode_Reward/joint_vel: 0.0000
                 Curriculum/action_rate: 0.0000
                   Curriculum/joint_vel: 0.0000
     Metrics/object_pose/position_error: 0.2360
  Metrics/object_pose/orientation_error: 3.0892
           Episode_Termination/time_out: 1.0000
    Episode_Termination/object_dropping: 0.0000
--------------------------------------------------------------------------------
                         Iteration time: 7.75s
                           Time elapsed: 00:23:26
                                    ETA: 02:52:58

################################################################################
[1m                          Learning iteration 179/1500                           [0m 

                            Total steps: 17694720 
                       Steps per second: 12640 
                        Collection time: 7.561s 
                          Learning time: 0.216s 
                        Mean value loss: 30.4576
                    Mean surrogate loss: -0.0068
                      Mean entropy loss: -5.5475
                            Mean reward: -1055.32
                    Mean episode length: 250.00
                        Mean action std: 0.14
         Episode_Reward/reaching_object: 0.0000
          Episode_Reward/lifting_object: 0.0000
    Episode_Reward/object_goal_tracking: 0.0000
Episode_Reward/object_goal_tracking_fine_grained: 0.0000
             Episode_Reward/action_rate: 0.0000
               Episode_Reward/joint_vel: 0.0000
                 Curriculum/action_rate: 0.0000
                   Curriculum/joint_vel: 0.0000
     Metrics/object_pose/position_error: 0.2376
  Metrics/object_pose/orientation_error: 3.0903
           Episode_Termination/time_out: 1.0000
    Episode_Termination/object_dropping: 0.0000
--------------------------------------------------------------------------------
                         Iteration time: 7.78s
                           Time elapsed: 00:23:34
                                    ETA: 02:52:49

################################################################################
[1m                          Learning iteration 180/1500                           [0m 

                            Total steps: 17793024 
                       Steps per second: 12532 
                        Collection time: 7.628s 
                          Learning time: 0.216s 
                        Mean value loss: 32.6438
                    Mean surrogate loss: -0.0029
                      Mean entropy loss: -5.7209
                            Mean reward: -1018.77
                    Mean episode length: 250.00
                        Mean action std: 0.13
         Episode_Reward/reaching_object: 0.0000
          Episode_Reward/lifting_object: 0.0000
    Episode_Reward/object_goal_tracking: 0.0000
Episode_Reward/object_goal_tracking_fine_grained: 0.0000
             Episode_Reward/action_rate: 0.0000
               Episode_Reward/joint_vel: 0.0000
                 Curriculum/action_rate: 0.0000
                   Curriculum/joint_vel: 0.0000
     Metrics/object_pose/position_error: 0.2401
  Metrics/object_pose/orientation_error: 3.0966
           Episode_Termination/time_out: 1.0000
    Episode_Termination/object_dropping: 0.0000
--------------------------------------------------------------------------------
                         Iteration time: 7.84s
                           Time elapsed: 00:23:41
                                    ETA: 02:52:41

################################################################################
[1m                          Learning iteration 181/1500                           [0m 

                            Total steps: 17891328 
                       Steps per second: 12560 
                        Collection time: 7.608s 
                          Learning time: 0.219s 
                        Mean value loss: 35.0387
                    Mean surrogate loss: -0.0051
                      Mean entropy loss: -5.8842
                            Mean reward: -1023.05
                    Mean episode length: 250.00
                        Mean action std: 0.13
         Episode_Reward/reaching_object: 0.0000
          Episode_Reward/lifting_object: 0.0000
    Episode_Reward/object_goal_tracking: 0.0000
Episode_Reward/object_goal_tracking_fine_grained: 0.0000
             Episode_Reward/action_rate: 0.0000
               Episode_Reward/joint_vel: 0.0000
                 Curriculum/action_rate: 0.0000
                   Curriculum/joint_vel: 0.0000
     Metrics/object_pose/position_error: 0.2391
  Metrics/object_pose/orientation_error: 3.0993
           Episode_Termination/time_out: 1.0000
    Episode_Termination/object_dropping: 0.0000
--------------------------------------------------------------------------------
                         Iteration time: 7.83s
                           Time elapsed: 00:23:49
                                    ETA: 02:52:33

################################################################################
[1m                          Learning iteration 182/1500                           [0m 

                            Total steps: 17989632 
                       Steps per second: 12899 
                        Collection time: 7.406s 
                          Learning time: 0.215s 
                        Mean value loss: 36.1062
                    Mean surrogate loss: -0.0014
                      Mean entropy loss: -6.0610
                            Mean reward: -1007.72
                    Mean episode length: 250.00
                        Mean action std: 0.13
         Episode_Reward/reaching_object: 0.0000
          Episode_Reward/lifting_object: 0.0000
    Episode_Reward/object_goal_tracking: 0.0000
Episode_Reward/object_goal_tracking_fine_grained: 0.0000
             Episode_Reward/action_rate: 0.0000
               Episode_Reward/joint_vel: 0.0000
                 Curriculum/action_rate: 0.0000
                   Curriculum/joint_vel: 0.0000
     Metrics/object_pose/position_error: 0.2348
  Metrics/object_pose/orientation_error: 3.1063
           Episode_Termination/time_out: 1.0000
    Episode_Termination/object_dropping: 0.0000
--------------------------------------------------------------------------------
                         Iteration time: 7.62s
                           Time elapsed: 00:23:57
                                    ETA: 02:52:24

################################################################################
[1m                          Learning iteration 183/1500                           [0m 

                            Total steps: 18087936 
                       Steps per second: 12941 
                        Collection time: 7.384s 
                          Learning time: 0.213s 
                        Mean value loss: 38.9146
                    Mean surrogate loss: -0.0049
                      Mean entropy loss: -6.2378
                            Mean reward: -969.94
                    Mean episode length: 250.00
                        Mean action std: 0.13
         Episode_Reward/reaching_object: 0.0000
          Episode_Reward/lifting_object: 0.0000
    Episode_Reward/object_goal_tracking: 0.0000
Episode_Reward/object_goal_tracking_fine_grained: 0.0000
             Episode_Reward/action_rate: 0.0000
               Episode_Reward/joint_vel: 0.0000
                 Curriculum/action_rate: 0.0000
                   Curriculum/joint_vel: 0.0000
     Metrics/object_pose/position_error: 0.2411
  Metrics/object_pose/orientation_error: 3.1078
           Episode_Termination/time_out: 1.0000
    Episode_Termination/object_dropping: 0.0000
--------------------------------------------------------------------------------
                         Iteration time: 7.60s
                           Time elapsed: 00:24:04
                                    ETA: 02:52:14

################################################################################
[1m                          Learning iteration 184/1500                           [0m 

                            Total steps: 18186240 
                       Steps per second: 12926 
                        Collection time: 7.390s 
                          Learning time: 0.215s 
                        Mean value loss: 41.9728
                    Mean surrogate loss: 0.0008
                      Mean entropy loss: -6.4086
                            Mean reward: -982.55
                    Mean episode length: 250.00
                        Mean action std: 0.12
         Episode_Reward/reaching_object: 0.0000
          Episode_Reward/lifting_object: 0.0000
    Episode_Reward/object_goal_tracking: 0.0000
Episode_Reward/object_goal_tracking_fine_grained: 0.0000
             Episode_Reward/action_rate: 0.0000
               Episode_Reward/joint_vel: 0.0000
                 Curriculum/action_rate: 0.0000
                   Curriculum/joint_vel: 0.0000
     Metrics/object_pose/position_error: 0.2403
  Metrics/object_pose/orientation_error: 3.1099
           Episode_Termination/time_out: 1.0000
    Episode_Termination/object_dropping: 0.0000
--------------------------------------------------------------------------------
                         Iteration time: 7.60s
                           Time elapsed: 00:24:12
                                    ETA: 02:52:04

################################################################################
[1m                          Learning iteration 185/1500                           [0m 

                            Total steps: 18284544 
                       Steps per second: 12923 
                        Collection time: 7.392s 
                          Learning time: 0.215s 
                        Mean value loss: 41.9414
                    Mean surrogate loss: -0.0035
                      Mean entropy loss: -6.5972
                            Mean reward: -967.13
                    Mean episode length: 250.00
                        Mean action std: 0.12
         Episode_Reward/reaching_object: 0.0000
          Episode_Reward/lifting_object: 0.0000
    Episode_Reward/object_goal_tracking: 0.0000
Episode_Reward/object_goal_tracking_fine_grained: 0.0000
             Episode_Reward/action_rate: 0.0000
               Episode_Reward/joint_vel: 0.0000
                 Curriculum/action_rate: 0.0000
                   Curriculum/joint_vel: 0.0000
     Metrics/object_pose/position_error: 0.2464
  Metrics/object_pose/orientation_error: 3.1152
           Episode_Termination/time_out: 1.0000
    Episode_Termination/object_dropping: 0.0000
--------------------------------------------------------------------------------
                         Iteration time: 7.61s
                           Time elapsed: 00:24:20
                                    ETA: 02:51:55

################################################################################
[1m                          Learning iteration 186/1500                           [0m 

                            Total steps: 18382848 
                       Steps per second: 12933 
                        Collection time: 7.390s 
                          Learning time: 0.210s 
                        Mean value loss: 43.6080
                    Mean surrogate loss: -0.0028
                      Mean entropy loss: -6.7681
                            Mean reward: -956.32
                    Mean episode length: 250.00
                        Mean action std: 0.12
         Episode_Reward/reaching_object: 0.0000
          Episode_Reward/lifting_object: 0.0000
    Episode_Reward/object_goal_tracking: 0.0000
Episode_Reward/object_goal_tracking_fine_grained: 0.0000
             Episode_Reward/action_rate: 0.0000
               Episode_Reward/joint_vel: 0.0000
                 Curriculum/action_rate: 0.0000
                   Curriculum/joint_vel: 0.0000
     Metrics/object_pose/position_error: 0.2366
  Metrics/object_pose/orientation_error: 3.1144
           Episode_Termination/time_out: 1.0000
    Episode_Termination/object_dropping: 0.0000
--------------------------------------------------------------------------------
                         Iteration time: 7.60s
                           Time elapsed: 00:24:27
                                    ETA: 02:51:45

################################################################################
[1m                          Learning iteration 187/1500                           [0m 

                            Total steps: 18481152 
                       Steps per second: 12947 
                        Collection time: 7.387s 
                          Learning time: 0.206s 
                        Mean value loss: 45.5797
                    Mean surrogate loss: -0.0032
                      Mean entropy loss: -6.9093
                            Mean reward: -942.07
                    Mean episode length: 250.00
                        Mean action std: 0.12
         Episode_Reward/reaching_object: 0.0000
          Episode_Reward/lifting_object: 0.0000
    Episode_Reward/object_goal_tracking: 0.0000
Episode_Reward/object_goal_tracking_fine_grained: 0.0000
             Episode_Reward/action_rate: 0.0000
               Episode_Reward/joint_vel: 0.0000
                 Curriculum/action_rate: 0.0000
                   Curriculum/joint_vel: 0.0000
     Metrics/object_pose/position_error: 0.2443
  Metrics/object_pose/orientation_error: 3.1165
           Episode_Termination/time_out: 1.0000
    Episode_Termination/object_dropping: 0.0000
--------------------------------------------------------------------------------
                         Iteration time: 7.59s
                           Time elapsed: 00:24:35
                                    ETA: 02:51:35

################################################################################
[1m                          Learning iteration 188/1500                           [0m 

                            Total steps: 18579456 
                       Steps per second: 12899 
                        Collection time: 7.407s 
                          Learning time: 0.214s 
                        Mean value loss: 47.0756
                    Mean surrogate loss: -0.0027
                      Mean entropy loss: -7.0618
                            Mean reward: -929.14
                    Mean episode length: 250.00
                        Mean action std: 0.12
         Episode_Reward/reaching_object: 0.0000
          Episode_Reward/lifting_object: 0.0000
    Episode_Reward/object_goal_tracking: 0.0000
Episode_Reward/object_goal_tracking_fine_grained: 0.0000
             Episode_Reward/action_rate: 0.0000
               Episode_Reward/joint_vel: 0.0000
                 Curriculum/action_rate: 0.0000
                   Curriculum/joint_vel: 0.0000
     Metrics/object_pose/position_error: 0.2403
  Metrics/object_pose/orientation_error: 3.1160
           Episode_Termination/time_out: 1.0000
    Episode_Termination/object_dropping: 0.0000
--------------------------------------------------------------------------------
                         Iteration time: 7.62s
                           Time elapsed: 00:24:42
                                    ETA: 02:51:26

################################################################################
[1m                          Learning iteration 189/1500                           [0m 

                            Total steps: 18677760 
                       Steps per second: 12921 
                        Collection time: 7.394s 
                          Learning time: 0.214s 
                        Mean value loss: 48.8285
                    Mean surrogate loss: -0.0010
                      Mean entropy loss: -7.2318
                            Mean reward: -925.69
                    Mean episode length: 250.00
                        Mean action std: 0.11
         Episode_Reward/reaching_object: 0.0000
          Episode_Reward/lifting_object: 0.0000
    Episode_Reward/object_goal_tracking: 0.0000
Episode_Reward/object_goal_tracking_fine_grained: 0.0000
             Episode_Reward/action_rate: 0.0000
               Episode_Reward/joint_vel: 0.0000
                 Curriculum/action_rate: 0.0000
                   Curriculum/joint_vel: 0.0000
     Metrics/object_pose/position_error: 0.2395
  Metrics/object_pose/orientation_error: 3.1193
           Episode_Termination/time_out: 1.0000
    Episode_Termination/object_dropping: 0.0000
--------------------------------------------------------------------------------
                         Iteration time: 7.61s
                           Time elapsed: 00:24:50
                                    ETA: 02:51:17

################################################################################
[1m                          Learning iteration 190/1500                           [0m 

                            Total steps: 18776064 
                       Steps per second: 12901 
                        Collection time: 7.405s 
                          Learning time: 0.214s 
                        Mean value loss: 49.3030
                    Mean surrogate loss: -0.0040
                      Mean entropy loss: -7.3124
                            Mean reward: -929.60
                    Mean episode length: 250.00
                        Mean action std: 0.11
         Episode_Reward/reaching_object: 0.0000
          Episode_Reward/lifting_object: 0.0000
    Episode_Reward/object_goal_tracking: 0.0000
Episode_Reward/object_goal_tracking_fine_grained: 0.0000
             Episode_Reward/action_rate: 0.0000
               Episode_Reward/joint_vel: 0.0000
                 Curriculum/action_rate: 0.0000
                   Curriculum/joint_vel: 0.0000
     Metrics/object_pose/position_error: 0.2475
  Metrics/object_pose/orientation_error: 3.1208
           Episode_Termination/time_out: 1.0000
    Episode_Termination/object_dropping: 0.0000
--------------------------------------------------------------------------------
                         Iteration time: 7.62s
                           Time elapsed: 00:24:58
                                    ETA: 02:51:07

################################################################################
[1m                          Learning iteration 191/1500                           [0m 

                            Total steps: 18874368 
                       Steps per second: 12962 
                        Collection time: 7.375s 
                          Learning time: 0.208s 
                        Mean value loss: 52.3140
                    Mean surrogate loss: -0.0028
                      Mean entropy loss: -7.4637
                            Mean reward: -910.51
                    Mean episode length: 250.00
                        Mean action std: 0.11
         Episode_Reward/reaching_object: 0.0000
          Episode_Reward/lifting_object: 0.0000
    Episode_Reward/object_goal_tracking: 0.0000
Episode_Reward/object_goal_tracking_fine_grained: 0.0000
             Episode_Reward/action_rate: 0.0000
               Episode_Reward/joint_vel: 0.0000
                 Curriculum/action_rate: 0.0000
                   Curriculum/joint_vel: 0.0000
     Metrics/object_pose/position_error: 0.2415
  Metrics/object_pose/orientation_error: 3.1167
           Episode_Termination/time_out: 1.0000
    Episode_Termination/object_dropping: 0.0000
--------------------------------------------------------------------------------
                         Iteration time: 7.58s
                           Time elapsed: 00:25:05
                                    ETA: 02:50:58

################################################################################
[1m                          Learning iteration 192/1500                           [0m 

                            Total steps: 18972672 
                       Steps per second: 12916 
                        Collection time: 7.396s 
                          Learning time: 0.215s 
                        Mean value loss: 50.6752
                    Mean surrogate loss: -0.0006
                      Mean entropy loss: -7.5514
                            Mean reward: -917.88
                    Mean episode length: 250.00
                        Mean action std: 0.11
         Episode_Reward/reaching_object: 0.0000
          Episode_Reward/lifting_object: 0.0000
    Episode_Reward/object_goal_tracking: 0.0000
Episode_Reward/object_goal_tracking_fine_grained: 0.0000
             Episode_Reward/action_rate: 0.0000
               Episode_Reward/joint_vel: 0.0000
                 Curriculum/action_rate: 0.0000
                   Curriculum/joint_vel: 0.0000
     Metrics/object_pose/position_error: 0.2437
  Metrics/object_pose/orientation_error: 3.1157
           Episode_Termination/time_out: 1.0000
    Episode_Termination/object_dropping: 0.0000
--------------------------------------------------------------------------------
                         Iteration time: 7.61s
                           Time elapsed: 00:25:13
                                    ETA: 02:50:48

################################################################################
[1m                          Learning iteration 193/1500                           [0m 

                            Total steps: 19070976 
                       Steps per second: 12946 
                        Collection time: 7.379s 
                          Learning time: 0.214s 
                        Mean value loss: 52.1653
                    Mean surrogate loss: -0.0009
                      Mean entropy loss: -7.6926
                            Mean reward: -913.92
                    Mean episode length: 250.00
                        Mean action std: 0.11
         Episode_Reward/reaching_object: 0.0000
          Episode_Reward/lifting_object: 0.0000
    Episode_Reward/object_goal_tracking: 0.0000
Episode_Reward/object_goal_tracking_fine_grained: 0.0000
             Episode_Reward/action_rate: 0.0000
               Episode_Reward/joint_vel: 0.0000
                 Curriculum/action_rate: 0.0000
                   Curriculum/joint_vel: 0.0000
     Metrics/object_pose/position_error: 0.2387
  Metrics/object_pose/orientation_error: 3.1125
           Episode_Termination/time_out: 1.0000
    Episode_Termination/object_dropping: 0.0000
--------------------------------------------------------------------------------
                         Iteration time: 7.59s
                           Time elapsed: 00:25:20
                                    ETA: 02:50:39

################################################################################
[1m                          Learning iteration 194/1500                           [0m 

                            Total steps: 19169280 
                       Steps per second: 12699 
                        Collection time: 7.529s 
                          Learning time: 0.212s 
                        Mean value loss: 51.2926
                    Mean surrogate loss: 0.0006
                      Mean entropy loss: -7.7590
                            Mean reward: -883.74
                    Mean episode length: 250.00
                        Mean action std: 0.11
         Episode_Reward/reaching_object: 0.0000
          Episode_Reward/lifting_object: 0.0000
    Episode_Reward/object_goal_tracking: 0.0000
Episode_Reward/object_goal_tracking_fine_grained: 0.0000
             Episode_Reward/action_rate: 0.0000
               Episode_Reward/joint_vel: 0.0000
                 Curriculum/action_rate: 0.0000
                   Curriculum/joint_vel: 0.0000
     Metrics/object_pose/position_error: 0.2393
  Metrics/object_pose/orientation_error: 3.1165
           Episode_Termination/time_out: 1.0000
    Episode_Termination/object_dropping: 0.0000
--------------------------------------------------------------------------------
                         Iteration time: 7.74s
                           Time elapsed: 00:25:28
                                    ETA: 02:50:30

################################################################################
[1m                          Learning iteration 195/1500                           [0m 

                            Total steps: 19267584 
                       Steps per second: 12717 
                        Collection time: 7.523s 
                          Learning time: 0.207s 
                        Mean value loss: 53.6312
                    Mean surrogate loss: -0.0038
                      Mean entropy loss: -7.8710
                            Mean reward: -879.40
                    Mean episode length: 250.00
                        Mean action std: 0.10
         Episode_Reward/reaching_object: 0.0000
          Episode_Reward/lifting_object: 0.0000
    Episode_Reward/object_goal_tracking: 0.0000
Episode_Reward/object_goal_tracking_fine_grained: 0.0000
             Episode_Reward/action_rate: 0.0000
               Episode_Reward/joint_vel: 0.0000
                 Curriculum/action_rate: 0.0000
                   Curriculum/joint_vel: 0.0000
     Metrics/object_pose/position_error: 0.2465
  Metrics/object_pose/orientation_error: 3.1176
           Episode_Termination/time_out: 1.0000
    Episode_Termination/object_dropping: 0.0000
--------------------------------------------------------------------------------
                         Iteration time: 7.73s
                           Time elapsed: 00:25:36
                                    ETA: 02:50:22

################################################################################
[1m                          Learning iteration 196/1500                           [0m 

                            Total steps: 19365888 
                       Steps per second: 12735 
                        Collection time: 7.505s 
                          Learning time: 0.214s 
                        Mean value loss: 54.5514
                    Mean surrogate loss: -0.0007
                      Mean entropy loss: -7.9678
                            Mean reward: -880.97
                    Mean episode length: 250.00
                        Mean action std: 0.10
         Episode_Reward/reaching_object: 0.0000
          Episode_Reward/lifting_object: 0.0000
    Episode_Reward/object_goal_tracking: 0.0000
Episode_Reward/object_goal_tracking_fine_grained: 0.0000
             Episode_Reward/action_rate: 0.0000
               Episode_Reward/joint_vel: 0.0000
                 Curriculum/action_rate: 0.0000
                   Curriculum/joint_vel: 0.0000
     Metrics/object_pose/position_error: 0.2441
  Metrics/object_pose/orientation_error: 3.1172
           Episode_Termination/time_out: 1.0000
    Episode_Termination/object_dropping: 0.0000
--------------------------------------------------------------------------------
                         Iteration time: 7.72s
                           Time elapsed: 00:25:44
                                    ETA: 02:50:13

################################################################################
[1m                          Learning iteration 197/1500                           [0m 

                            Total steps: 19464192 
                       Steps per second: 12688 
                        Collection time: 7.532s 
                          Learning time: 0.216s 
                        Mean value loss: 55.1925
                    Mean surrogate loss: -0.0025
                      Mean entropy loss: -8.0528
                            Mean reward: -888.46
                    Mean episode length: 250.00
                        Mean action std: 0.10
         Episode_Reward/reaching_object: 0.0000
          Episode_Reward/lifting_object: 0.0000
    Episode_Reward/object_goal_tracking: 0.0000
Episode_Reward/object_goal_tracking_fine_grained: 0.0000
             Episode_Reward/action_rate: 0.0000
               Episode_Reward/joint_vel: 0.0000
                 Curriculum/action_rate: 0.0000
                   Curriculum/joint_vel: 0.0000
     Metrics/object_pose/position_error: 0.2407
  Metrics/object_pose/orientation_error: 3.1141
           Episode_Termination/time_out: 1.0000
    Episode_Termination/object_dropping: 0.0000
--------------------------------------------------------------------------------
                         Iteration time: 7.75s
                           Time elapsed: 00:25:51
                                    ETA: 02:50:04

################################################################################
[1m                          Learning iteration 198/1500                           [0m 

                            Total steps: 19562496 
                       Steps per second: 12615 
                        Collection time: 7.579s 
                          Learning time: 0.213s 
                        Mean value loss: 56.9173
                    Mean surrogate loss: -0.0000
                      Mean entropy loss: -8.1359
                            Mean reward: -873.23
                    Mean episode length: 250.00
                        Mean action std: 0.10
         Episode_Reward/reaching_object: 0.0000
          Episode_Reward/lifting_object: 0.0000
    Episode_Reward/object_goal_tracking: 0.0000
Episode_Reward/object_goal_tracking_fine_grained: 0.0000
             Episode_Reward/action_rate: 0.0000
               Episode_Reward/joint_vel: 0.0000
                 Curriculum/action_rate: 0.0000
                   Curriculum/joint_vel: 0.0000
     Metrics/object_pose/position_error: 0.2485
  Metrics/object_pose/orientation_error: 3.1147
           Episode_Termination/time_out: 1.0000
    Episode_Termination/object_dropping: 0.0000
--------------------------------------------------------------------------------
                         Iteration time: 7.79s
                           Time elapsed: 00:25:59
                                    ETA: 02:49:56

################################################################################
[1m                          Learning iteration 199/1500                           [0m 

                            Total steps: 19660800 
                       Steps per second: 12572 
                        Collection time: 7.607s 
                          Learning time: 0.212s 
                        Mean value loss: 54.1957
                    Mean surrogate loss: -0.0021
                      Mean entropy loss: -8.2240
                            Mean reward: -879.55
                    Mean episode length: 250.00
                        Mean action std: 0.10
         Episode_Reward/reaching_object: 0.0000
          Episode_Reward/lifting_object: 0.0000
    Episode_Reward/object_goal_tracking: 0.0000
Episode_Reward/object_goal_tracking_fine_grained: 0.0000
             Episode_Reward/action_rate: 0.0000
               Episode_Reward/joint_vel: 0.0000
                 Curriculum/action_rate: 0.0000
                   Curriculum/joint_vel: 0.0000
     Metrics/object_pose/position_error: 0.2476
  Metrics/object_pose/orientation_error: 3.1133
           Episode_Termination/time_out: 1.0000
    Episode_Termination/object_dropping: 0.0000
--------------------------------------------------------------------------------
                         Iteration time: 7.82s
                           Time elapsed: 00:26:07
                                    ETA: 02:49:48

################################################################################
[1m                          Learning iteration 200/1500                           [0m 

                            Total steps: 19759104 
                       Steps per second: 12601 
                        Collection time: 7.585s 
                          Learning time: 0.216s 
                        Mean value loss: 54.4909
                    Mean surrogate loss: -0.0031
                      Mean entropy loss: -8.3326
                            Mean reward: -874.37
                    Mean episode length: 250.00
                        Mean action std: 0.10
         Episode_Reward/reaching_object: 0.0000
          Episode_Reward/lifting_object: 0.0000
    Episode_Reward/object_goal_tracking: 0.0000
Episode_Reward/object_goal_tracking_fine_grained: 0.0000
             Episode_Reward/action_rate: 0.0000
               Episode_Reward/joint_vel: 0.0000
                 Curriculum/action_rate: 0.0000
                   Curriculum/joint_vel: 0.0000
     Metrics/object_pose/position_error: 0.2439
  Metrics/object_pose/orientation_error: 3.1128
           Episode_Termination/time_out: 1.0000
    Episode_Termination/object_dropping: 0.0000
--------------------------------------------------------------------------------
                         Iteration time: 7.80s
                           Time elapsed: 00:26:15
                                    ETA: 02:49:40

################################################################################
[1m                          Learning iteration 201/1500                           [0m 

                            Total steps: 19857408 
                       Steps per second: 12611 
                        Collection time: 7.576s 
                          Learning time: 0.219s 
                        Mean value loss: 56.6167
                    Mean surrogate loss: -0.0011
                      Mean entropy loss: -8.4091
                            Mean reward: -866.36
                    Mean episode length: 250.00
                        Mean action std: 0.10
         Episode_Reward/reaching_object: 0.0000
          Episode_Reward/lifting_object: 0.0000
    Episode_Reward/object_goal_tracking: 0.0000
Episode_Reward/object_goal_tracking_fine_grained: 0.0000
             Episode_Reward/action_rate: 0.0000
               Episode_Reward/joint_vel: 0.0000
                 Curriculum/action_rate: 0.0000
                   Curriculum/joint_vel: 0.0000
     Metrics/object_pose/position_error: 0.2443
  Metrics/object_pose/orientation_error: 3.1162
           Episode_Termination/time_out: 1.0000
    Episode_Termination/object_dropping: 0.0000
--------------------------------------------------------------------------------
                         Iteration time: 7.79s
                           Time elapsed: 00:26:23
                                    ETA: 02:49:32

################################################################################
[1m                          Learning iteration 202/1500                           [0m 

                            Total steps: 19955712 
                       Steps per second: 12579 
                        Collection time: 7.598s 
                          Learning time: 0.217s 
                        Mean value loss: 56.5746
                    Mean surrogate loss: -0.0027
                      Mean entropy loss: -8.5508
                            Mean reward: -850.58
                    Mean episode length: 250.00
                        Mean action std: 0.10
         Episode_Reward/reaching_object: 0.0000
          Episode_Reward/lifting_object: 0.0000
    Episode_Reward/object_goal_tracking: 0.0000
Episode_Reward/object_goal_tracking_fine_grained: 0.0000
             Episode_Reward/action_rate: 0.0000
               Episode_Reward/joint_vel: 0.0000
                 Curriculum/action_rate: 0.0000
                   Curriculum/joint_vel: 0.0000
     Metrics/object_pose/position_error: 0.2444
  Metrics/object_pose/orientation_error: 3.1193
           Episode_Termination/time_out: 1.0000
    Episode_Termination/object_dropping: 0.0000
--------------------------------------------------------------------------------
                         Iteration time: 7.81s
                           Time elapsed: 00:26:30
                                    ETA: 02:49:24

################################################################################
[1m                          Learning iteration 203/1500                           [0m 

                            Total steps: 20054016 
                       Steps per second: 12605 
                        Collection time: 7.582s 
                          Learning time: 0.216s 
                        Mean value loss: 54.7387
                    Mean surrogate loss: 0.0063
                      Mean entropy loss: -8.5886
                            Mean reward: -843.29
                    Mean episode length: 250.00
                        Mean action std: 0.10
         Episode_Reward/reaching_object: 0.0000
          Episode_Reward/lifting_object: 0.0000
    Episode_Reward/object_goal_tracking: 0.0000
Episode_Reward/object_goal_tracking_fine_grained: 0.0000
             Episode_Reward/action_rate: 0.0000
               Episode_Reward/joint_vel: 0.0000
                 Curriculum/action_rate: 0.0000
                   Curriculum/joint_vel: 0.0000
     Metrics/object_pose/position_error: 0.2466
  Metrics/object_pose/orientation_error: 3.1199
           Episode_Termination/time_out: 1.0000
    Episode_Termination/object_dropping: 0.0000
--------------------------------------------------------------------------------
                         Iteration time: 7.80s
                           Time elapsed: 00:26:38
                                    ETA: 02:49:16

################################################################################
[1m                          Learning iteration 204/1500                           [0m 

                            Total steps: 20152320 
                       Steps per second: 12641 
                        Collection time: 7.566s 
                          Learning time: 0.210s 
                        Mean value loss: 55.3123
                    Mean surrogate loss: -0.0040
                      Mean entropy loss: -8.7487
                            Mean reward: -870.88
                    Mean episode length: 250.00
                        Mean action std: 0.09
         Episode_Reward/reaching_object: 0.0000
          Episode_Reward/lifting_object: 0.0000
    Episode_Reward/object_goal_tracking: 0.0000
Episode_Reward/object_goal_tracking_fine_grained: 0.0000
             Episode_Reward/action_rate: 0.0000
               Episode_Reward/joint_vel: 0.0000
                 Curriculum/action_rate: 0.0000
                   Curriculum/joint_vel: 0.0000
     Metrics/object_pose/position_error: 0.2444
  Metrics/object_pose/orientation_error: 3.1183
           Episode_Termination/time_out: 1.0000
    Episode_Termination/object_dropping: 0.0000
--------------------------------------------------------------------------------
                         Iteration time: 7.78s
                           Time elapsed: 00:26:46
                                    ETA: 02:49:08

################################################################################
[1m                          Learning iteration 205/1500                           [0m 

                            Total steps: 20250624 
                       Steps per second: 12612 
                        Collection time: 7.580s 
                          Learning time: 0.213s 
                        Mean value loss: 58.0142
                    Mean surrogate loss: -0.0023
                      Mean entropy loss: -8.9178
                            Mean reward: -844.75
                    Mean episode length: 250.00
                        Mean action std: 0.09
         Episode_Reward/reaching_object: 0.0000
          Episode_Reward/lifting_object: 0.0000
    Episode_Reward/object_goal_tracking: 0.0000
Episode_Reward/object_goal_tracking_fine_grained: 0.0000
             Episode_Reward/action_rate: 0.0000
               Episode_Reward/joint_vel: 0.0000
                 Curriculum/action_rate: 0.0000
                   Curriculum/joint_vel: 0.0000
     Metrics/object_pose/position_error: 0.2427
  Metrics/object_pose/orientation_error: 3.1183
           Episode_Termination/time_out: 1.0000
    Episode_Termination/object_dropping: 0.0000
--------------------------------------------------------------------------------
                         Iteration time: 7.79s
                           Time elapsed: 00:26:54
                                    ETA: 02:49:00

################################################################################
[1m                          Learning iteration 206/1500                           [0m 

                            Total steps: 20348928 
                       Steps per second: 12598 
                        Collection time: 7.589s 
                          Learning time: 0.214s 
                        Mean value loss: 57.7726
                    Mean surrogate loss: -0.0021
                      Mean entropy loss: -9.0349
                            Mean reward: -834.99
                    Mean episode length: 250.00
                        Mean action std: 0.09
         Episode_Reward/reaching_object: 0.0000
          Episode_Reward/lifting_object: 0.0000
    Episode_Reward/object_goal_tracking: 0.0000
Episode_Reward/object_goal_tracking_fine_grained: 0.0000
             Episode_Reward/action_rate: 0.0000
               Episode_Reward/joint_vel: 0.0000
                 Curriculum/action_rate: 0.0000
                   Curriculum/joint_vel: 0.0000
     Metrics/object_pose/position_error: 0.2365
  Metrics/object_pose/orientation_error: 3.1172
           Episode_Termination/time_out: 1.0000
    Episode_Termination/object_dropping: 0.0000
--------------------------------------------------------------------------------
                         Iteration time: 7.80s
                           Time elapsed: 00:27:02
                                    ETA: 02:48:52

################################################################################
[1m                          Learning iteration 207/1500                           [0m 

                            Total steps: 20447232 
                       Steps per second: 12633 
                        Collection time: 7.569s 
                          Learning time: 0.212s 
                        Mean value loss: 54.8526
                    Mean surrogate loss: -0.0016
                      Mean entropy loss: -9.1103
                            Mean reward: -840.92
                    Mean episode length: 250.00
                        Mean action std: 0.09
         Episode_Reward/reaching_object: 0.0000
          Episode_Reward/lifting_object: 0.0000
    Episode_Reward/object_goal_tracking: 0.0000
Episode_Reward/object_goal_tracking_fine_grained: 0.0000
             Episode_Reward/action_rate: 0.0000
               Episode_Reward/joint_vel: 0.0000
                 Curriculum/action_rate: 0.0000
                   Curriculum/joint_vel: 0.0000
     Metrics/object_pose/position_error: 0.2440
  Metrics/object_pose/orientation_error: 3.1177
           Episode_Termination/time_out: 1.0000
    Episode_Termination/object_dropping: 0.0000
--------------------------------------------------------------------------------
                         Iteration time: 7.78s
                           Time elapsed: 00:27:09
                                    ETA: 02:48:44

################################################################################
[1m                          Learning iteration 208/1500                           [0m 

                            Total steps: 20545536 
                       Steps per second: 12661 
                        Collection time: 7.549s 
                          Learning time: 0.215s 
                        Mean value loss: 54.8799
                    Mean surrogate loss: -0.0024
                      Mean entropy loss: -9.2287
                            Mean reward: -835.87
                    Mean episode length: 250.00
                        Mean action std: 0.09
         Episode_Reward/reaching_object: 0.0000
          Episode_Reward/lifting_object: 0.0000
    Episode_Reward/object_goal_tracking: 0.0000
Episode_Reward/object_goal_tracking_fine_grained: 0.0000
             Episode_Reward/action_rate: 0.0000
               Episode_Reward/joint_vel: 0.0000
                 Curriculum/action_rate: 0.0000
                   Curriculum/joint_vel: 0.0000
     Metrics/object_pose/position_error: 0.2470
  Metrics/object_pose/orientation_error: 3.1168
           Episode_Termination/time_out: 1.0000
    Episode_Termination/object_dropping: 0.0000
--------------------------------------------------------------------------------
                         Iteration time: 7.76s
                           Time elapsed: 00:27:17
                                    ETA: 02:48:35

################################################################################
[1m                          Learning iteration 209/1500                           [0m 

                            Total steps: 20643840 
                       Steps per second: 12639 
                        Collection time: 7.566s 
                          Learning time: 0.211s 
                        Mean value loss: 52.0567
                    Mean surrogate loss: -0.0023
                      Mean entropy loss: -9.3218
                            Mean reward: -840.44
                    Mean episode length: 250.00
                        Mean action std: 0.09
         Episode_Reward/reaching_object: 0.0000
          Episode_Reward/lifting_object: 0.0000
    Episode_Reward/object_goal_tracking: 0.0000
Episode_Reward/object_goal_tracking_fine_grained: 0.0000
             Episode_Reward/action_rate: 0.0000
               Episode_Reward/joint_vel: 0.0000
                 Curriculum/action_rate: 0.0000
                   Curriculum/joint_vel: 0.0000
     Metrics/object_pose/position_error: 0.2499
  Metrics/object_pose/orientation_error: 3.1179
           Episode_Termination/time_out: 1.0000
    Episode_Termination/object_dropping: 0.0000
--------------------------------------------------------------------------------
                         Iteration time: 7.78s
                           Time elapsed: 00:27:25
                                    ETA: 02:48:27

################################################################################
[1m                          Learning iteration 210/1500                           [0m 

                            Total steps: 20742144 
                       Steps per second: 12624 
                        Collection time: 7.572s 
                          Learning time: 0.215s 
                        Mean value loss: 50.3135
                    Mean surrogate loss: -0.0014
                      Mean entropy loss: -9.4266
                            Mean reward: -837.49
                    Mean episode length: 250.00
                        Mean action std: 0.09
         Episode_Reward/reaching_object: 0.0000
          Episode_Reward/lifting_object: 0.0000
    Episode_Reward/object_goal_tracking: 0.0000
Episode_Reward/object_goal_tracking_fine_grained: 0.0000
             Episode_Reward/action_rate: 0.0000
               Episode_Reward/joint_vel: 0.0000
                 Curriculum/action_rate: 0.0000
                   Curriculum/joint_vel: 0.0000
     Metrics/object_pose/position_error: 0.2506
  Metrics/object_pose/orientation_error: 3.1163
           Episode_Termination/time_out: 1.0000
    Episode_Termination/object_dropping: 0.0000
--------------------------------------------------------------------------------
                         Iteration time: 7.79s
                           Time elapsed: 00:27:33
                                    ETA: 02:48:19

################################################################################
[1m                          Learning iteration 211/1500                           [0m 

                            Total steps: 20840448 
                       Steps per second: 12568 
                        Collection time: 7.606s 
                          Learning time: 0.216s 
                        Mean value loss: 49.9206
                    Mean surrogate loss: -0.0016
                      Mean entropy loss: -9.5219
                            Mean reward: -825.68
                    Mean episode length: 250.00
                        Mean action std: 0.09
         Episode_Reward/reaching_object: 0.0000
          Episode_Reward/lifting_object: 0.0000
    Episode_Reward/object_goal_tracking: 0.0000
Episode_Reward/object_goal_tracking_fine_grained: 0.0000
             Episode_Reward/action_rate: 0.0000
               Episode_Reward/joint_vel: 0.0000
                 Curriculum/action_rate: 0.0000
                   Curriculum/joint_vel: 0.0000
     Metrics/object_pose/position_error: 0.2450
  Metrics/object_pose/orientation_error: 3.1170
           Episode_Termination/time_out: 1.0000
    Episode_Termination/object_dropping: 0.0000
--------------------------------------------------------------------------------
                         Iteration time: 7.82s
                           Time elapsed: 00:27:41
                                    ETA: 02:48:11

################################################################################
[1m                          Learning iteration 212/1500                           [0m 

                            Total steps: 20938752 
                       Steps per second: 12596 
                        Collection time: 7.592s 
                          Learning time: 0.213s 
                        Mean value loss: 50.4441
                    Mean surrogate loss: -0.0011
                      Mean entropy loss: -9.6161
                            Mean reward: -816.84
                    Mean episode length: 250.00
                        Mean action std: 0.09
         Episode_Reward/reaching_object: 0.0000
          Episode_Reward/lifting_object: 0.0000
    Episode_Reward/object_goal_tracking: 0.0000
Episode_Reward/object_goal_tracking_fine_grained: 0.0000
             Episode_Reward/action_rate: 0.0000
               Episode_Reward/joint_vel: 0.0000
                 Curriculum/action_rate: 0.0000
                   Curriculum/joint_vel: 0.0000
     Metrics/object_pose/position_error: 0.2497
  Metrics/object_pose/orientation_error: 3.1184
           Episode_Termination/time_out: 1.0000
    Episode_Termination/object_dropping: 0.0000
--------------------------------------------------------------------------------
                         Iteration time: 7.80s
                           Time elapsed: 00:27:48
                                    ETA: 02:48:03

################################################################################
[1m                          Learning iteration 213/1500                           [0m 

                            Total steps: 21037056 
                       Steps per second: 12603 
                        Collection time: 7.582s 
                          Learning time: 0.218s 
                        Mean value loss: 49.5122
                    Mean surrogate loss: -0.0009
                      Mean entropy loss: -9.7224
                            Mean reward: -846.63
                    Mean episode length: 250.00
                        Mean action std: 0.08
         Episode_Reward/reaching_object: 0.0000
          Episode_Reward/lifting_object: 0.0000
    Episode_Reward/object_goal_tracking: 0.0000
Episode_Reward/object_goal_tracking_fine_grained: 0.0000
             Episode_Reward/action_rate: 0.0000
               Episode_Reward/joint_vel: 0.0000
                 Curriculum/action_rate: 0.0000
                   Curriculum/joint_vel: 0.0000
     Metrics/object_pose/position_error: 0.2470
  Metrics/object_pose/orientation_error: 3.1176
           Episode_Termination/time_out: 1.0000
    Episode_Termination/object_dropping: 0.0000
--------------------------------------------------------------------------------
                         Iteration time: 7.80s
                           Time elapsed: 00:27:56
                                    ETA: 02:47:55

################################################################################
[1m                          Learning iteration 214/1500                           [0m 

                            Total steps: 21135360 
                       Steps per second: 12596 
                        Collection time: 7.591s 
                          Learning time: 0.214s 
                        Mean value loss: 49.0132
                    Mean surrogate loss: -0.0011
                      Mean entropy loss: -9.8392
                            Mean reward: -811.53
                    Mean episode length: 250.00
                        Mean action std: 0.08
         Episode_Reward/reaching_object: 0.0000
          Episode_Reward/lifting_object: 0.0000
    Episode_Reward/object_goal_tracking: 0.0000
Episode_Reward/object_goal_tracking_fine_grained: 0.0000
             Episode_Reward/action_rate: 0.0000
               Episode_Reward/joint_vel: 0.0000
                 Curriculum/action_rate: 0.0000
                   Curriculum/joint_vel: 0.0000
     Metrics/object_pose/position_error: 0.2435
  Metrics/object_pose/orientation_error: 3.1166
           Episode_Termination/time_out: 1.0000
    Episode_Termination/object_dropping: 0.0000
--------------------------------------------------------------------------------
                         Iteration time: 7.80s
                           Time elapsed: 00:28:04
                                    ETA: 02:47:47

################################################################################
[1m                          Learning iteration 215/1500                           [0m 

                            Total steps: 21233664 
                       Steps per second: 12645 
                        Collection time: 7.561s 
                          Learning time: 0.213s 
                        Mean value loss: 49.3937
                    Mean surrogate loss: -0.0024
                      Mean entropy loss: -9.9686
                            Mean reward: -814.13
                    Mean episode length: 250.00
                        Mean action std: 0.08
         Episode_Reward/reaching_object: 0.0000
          Episode_Reward/lifting_object: 0.0000
    Episode_Reward/object_goal_tracking: 0.0000
Episode_Reward/object_goal_tracking_fine_grained: 0.0000
             Episode_Reward/action_rate: 0.0000
               Episode_Reward/joint_vel: 0.0000
                 Curriculum/action_rate: 0.0000
                   Curriculum/joint_vel: 0.0000
     Metrics/object_pose/position_error: 0.2440
  Metrics/object_pose/orientation_error: 3.1158
           Episode_Termination/time_out: 1.0000
    Episode_Termination/object_dropping: 0.0000
--------------------------------------------------------------------------------
                         Iteration time: 7.77s
                           Time elapsed: 00:28:12
                                    ETA: 02:47:39

################################################################################
[1m                          Learning iteration 216/1500                           [0m 

                            Total steps: 21331968 
                       Steps per second: 12614 
                        Collection time: 7.579s 
                          Learning time: 0.215s 
                        Mean value loss: 48.5738
                    Mean surrogate loss: 0.0009
                      Mean entropy loss: -10.0604
                            Mean reward: -817.39
                    Mean episode length: 250.00
                        Mean action std: 0.08
         Episode_Reward/reaching_object: 0.0000
          Episode_Reward/lifting_object: 0.0000
    Episode_Reward/object_goal_tracking: 0.0000
Episode_Reward/object_goal_tracking_fine_grained: 0.0000
             Episode_Reward/action_rate: 0.0000
               Episode_Reward/joint_vel: 0.0000
                 Curriculum/action_rate: 0.0000
                   Curriculum/joint_vel: 0.0000
     Metrics/object_pose/position_error: 0.2440
  Metrics/object_pose/orientation_error: 3.1159
           Episode_Termination/time_out: 1.0000
    Episode_Termination/object_dropping: 0.0000
--------------------------------------------------------------------------------
                         Iteration time: 7.79s
                           Time elapsed: 00:28:20
                                    ETA: 02:47:31

################################################################################
[1m                          Learning iteration 217/1500                           [0m 

                            Total steps: 21430272 
                       Steps per second: 12605 
                        Collection time: 7.583s 
                          Learning time: 0.215s 
                        Mean value loss: 47.7172
                    Mean surrogate loss: 0.0050
                      Mean entropy loss: -10.1087
                            Mean reward: -829.68
                    Mean episode length: 250.00
                        Mean action std: 0.08
         Episode_Reward/reaching_object: 0.0000
          Episode_Reward/lifting_object: 0.0000
    Episode_Reward/object_goal_tracking: 0.0000
Episode_Reward/object_goal_tracking_fine_grained: 0.0000
             Episode_Reward/action_rate: 0.0000
               Episode_Reward/joint_vel: 0.0000
                 Curriculum/action_rate: 0.0000
                   Curriculum/joint_vel: 0.0000
     Metrics/object_pose/position_error: 0.2496
  Metrics/object_pose/orientation_error: 3.1177
           Episode_Termination/time_out: 1.0000
    Episode_Termination/object_dropping: 0.0000
--------------------------------------------------------------------------------
                         Iteration time: 7.80s
                           Time elapsed: 00:28:27
                                    ETA: 02:47:23

################################################################################
[1m                          Learning iteration 218/1500                           [0m 

                            Total steps: 21528576 
                       Steps per second: 12561 
                        Collection time: 7.608s 
                          Learning time: 0.218s 
                        Mean value loss: 47.3323
                    Mean surrogate loss: 0.0013
                      Mean entropy loss: -10.2015
                            Mean reward: -819.26
                    Mean episode length: 250.00
                        Mean action std: 0.08
         Episode_Reward/reaching_object: 0.0000
          Episode_Reward/lifting_object: 0.0000
    Episode_Reward/object_goal_tracking: 0.0000
Episode_Reward/object_goal_tracking_fine_grained: 0.0000
             Episode_Reward/action_rate: 0.0000
               Episode_Reward/joint_vel: 0.0000
                 Curriculum/action_rate: 0.0000
                   Curriculum/joint_vel: 0.0000
     Metrics/object_pose/position_error: 0.2503
  Metrics/object_pose/orientation_error: 3.1179
           Episode_Termination/time_out: 1.0000
    Episode_Termination/object_dropping: 0.0000
--------------------------------------------------------------------------------
                         Iteration time: 7.83s
                           Time elapsed: 00:28:35
                                    ETA: 02:47:15

################################################################################
[1m                          Learning iteration 219/1500                           [0m 

                            Total steps: 21626880 
                       Steps per second: 12557 
                        Collection time: 7.613s 
                          Learning time: 0.216s 
                        Mean value loss: 48.0263
                    Mean surrogate loss: -0.0025
                      Mean entropy loss: -10.3781
                            Mean reward: -810.98
                    Mean episode length: 250.00
                        Mean action std: 0.08
         Episode_Reward/reaching_object: 0.0000
          Episode_Reward/lifting_object: 0.0000
    Episode_Reward/object_goal_tracking: 0.0000
Episode_Reward/object_goal_tracking_fine_grained: 0.0000
             Episode_Reward/action_rate: 0.0000
               Episode_Reward/joint_vel: 0.0000
                 Curriculum/action_rate: 0.0000
                   Curriculum/joint_vel: 0.0000
     Metrics/object_pose/position_error: 0.2431
  Metrics/object_pose/orientation_error: 3.1174
           Episode_Termination/time_out: 1.0000
    Episode_Termination/object_dropping: 0.0000
--------------------------------------------------------------------------------
                         Iteration time: 7.83s
                           Time elapsed: 00:28:43
                                    ETA: 02:47:07

################################################################################
[1m                          Learning iteration 220/1500                           [0m 

                            Total steps: 21725184 
                       Steps per second: 12607 
                        Collection time: 7.582s 
                          Learning time: 0.215s 
                        Mean value loss: 50.2737
                    Mean surrogate loss: -0.0020
                      Mean entropy loss: -10.5134
                            Mean reward: -792.72
                    Mean episode length: 250.00
                        Mean action std: 0.08
         Episode_Reward/reaching_object: 0.0000
          Episode_Reward/lifting_object: 0.0000
    Episode_Reward/object_goal_tracking: 0.0000
Episode_Reward/object_goal_tracking_fine_grained: 0.0000
             Episode_Reward/action_rate: 0.0000
               Episode_Reward/joint_vel: 0.0000
                 Curriculum/action_rate: 0.0000
                   Curriculum/joint_vel: 0.0000
     Metrics/object_pose/position_error: 0.2464
  Metrics/object_pose/orientation_error: 3.1145
           Episode_Termination/time_out: 1.0000
    Episode_Termination/object_dropping: 0.0000
--------------------------------------------------------------------------------
                         Iteration time: 7.80s
                           Time elapsed: 00:28:51
                                    ETA: 02:46:59

################################################################################
[1m                          Learning iteration 221/1500                           [0m 

                            Total steps: 21823488 
                       Steps per second: 12694 
                        Collection time: 7.532s 
                          Learning time: 0.212s 
                        Mean value loss: 48.7686
                    Mean surrogate loss: -0.0008
                      Mean entropy loss: -10.6202
                            Mean reward: -796.01
                    Mean episode length: 250.00
                        Mean action std: 0.08
         Episode_Reward/reaching_object: 0.0000
          Episode_Reward/lifting_object: 0.0000
    Episode_Reward/object_goal_tracking: 0.0000
Episode_Reward/object_goal_tracking_fine_grained: 0.0000
             Episode_Reward/action_rate: 0.0000
               Episode_Reward/joint_vel: 0.0000
                 Curriculum/action_rate: 0.0000
                   Curriculum/joint_vel: 0.0000
     Metrics/object_pose/position_error: 0.2425
  Metrics/object_pose/orientation_error: 3.1134
           Episode_Termination/time_out: 1.0000
    Episode_Termination/object_dropping: 0.0000
--------------------------------------------------------------------------------
                         Iteration time: 7.74s
                           Time elapsed: 00:28:58
                                    ETA: 02:46:50

################################################################################
[1m                          Learning iteration 222/1500                           [0m 

                            Total steps: 21921792 
                       Steps per second: 12635 
                        Collection time: 7.565s 
                          Learning time: 0.215s 
                        Mean value loss: 46.3352
                    Mean surrogate loss: -0.0023
                      Mean entropy loss: -10.7083
                            Mean reward: -831.45
                    Mean episode length: 250.00
                        Mean action std: 0.07
         Episode_Reward/reaching_object: 0.0000
          Episode_Reward/lifting_object: 0.0000
    Episode_Reward/object_goal_tracking: 0.0000
Episode_Reward/object_goal_tracking_fine_grained: 0.0000
             Episode_Reward/action_rate: 0.0000
               Episode_Reward/joint_vel: 0.0000
                 Curriculum/action_rate: 0.0000
                   Curriculum/joint_vel: 0.0000
     Metrics/object_pose/position_error: 0.2462
  Metrics/object_pose/orientation_error: 3.1130
           Episode_Termination/time_out: 1.0000
    Episode_Termination/object_dropping: 0.0000
--------------------------------------------------------------------------------
                         Iteration time: 7.78s
                           Time elapsed: 00:29:06
                                    ETA: 02:46:42

################################################################################
[1m                          Learning iteration 223/1500                           [0m 

                            Total steps: 22020096 
                       Steps per second: 12628 
                        Collection time: 7.569s 
                          Learning time: 0.215s 
                        Mean value loss: 47.0513
                    Mean surrogate loss: 0.0004
                      Mean entropy loss: -10.7904
                            Mean reward: -807.44
                    Mean episode length: 250.00
                        Mean action std: 0.07
         Episode_Reward/reaching_object: 0.0000
          Episode_Reward/lifting_object: 0.0000
    Episode_Reward/object_goal_tracking: 0.0000
Episode_Reward/object_goal_tracking_fine_grained: 0.0000
             Episode_Reward/action_rate: 0.0000
               Episode_Reward/joint_vel: 0.0000
                 Curriculum/action_rate: 0.0000
                   Curriculum/joint_vel: 0.0000
     Metrics/object_pose/position_error: 0.2490
  Metrics/object_pose/orientation_error: 3.1126
           Episode_Termination/time_out: 1.0000
    Episode_Termination/object_dropping: 0.0000
--------------------------------------------------------------------------------
                         Iteration time: 7.78s
                           Time elapsed: 00:29:14
                                    ETA: 02:46:34

################################################################################
[1m                          Learning iteration 224/1500                           [0m 

                            Total steps: 22118400 
                       Steps per second: 12571 
                        Collection time: 7.604s 
                          Learning time: 0.215s 
                        Mean value loss: 45.5686
                    Mean surrogate loss: 0.0171
                      Mean entropy loss: -10.8234
                            Mean reward: -796.30
                    Mean episode length: 250.00
                        Mean action std: 0.07
         Episode_Reward/reaching_object: 0.0000
          Episode_Reward/lifting_object: 0.0000
    Episode_Reward/object_goal_tracking: 0.0000
Episode_Reward/object_goal_tracking_fine_grained: 0.0000
             Episode_Reward/action_rate: 0.0000
               Episode_Reward/joint_vel: 0.0000
                 Curriculum/action_rate: 0.0000
                   Curriculum/joint_vel: 0.0000
     Metrics/object_pose/position_error: 0.2404
  Metrics/object_pose/orientation_error: 3.1129
           Episode_Termination/time_out: 1.0000
    Episode_Termination/object_dropping: 0.0000
--------------------------------------------------------------------------------
                         Iteration time: 7.82s
                           Time elapsed: 00:29:22
                                    ETA: 02:46:26

################################################################################
[1m                          Learning iteration 225/1500                           [0m 

                            Total steps: 22216704 
                       Steps per second: 12605 
                        Collection time: 7.584s 
                          Learning time: 0.215s 
                        Mean value loss: 43.4273
                    Mean surrogate loss: -0.0029
                      Mean entropy loss: -10.9399
                            Mean reward: -811.10
                    Mean episode length: 250.00
                        Mean action std: 0.07
         Episode_Reward/reaching_object: 0.0000
          Episode_Reward/lifting_object: 0.0000
    Episode_Reward/object_goal_tracking: 0.0000
Episode_Reward/object_goal_tracking_fine_grained: 0.0000
             Episode_Reward/action_rate: 0.0000
               Episode_Reward/joint_vel: 0.0000
                 Curriculum/action_rate: 0.0000
                   Curriculum/joint_vel: 0.0000
     Metrics/object_pose/position_error: 0.2425
  Metrics/object_pose/orientation_error: 3.1116
           Episode_Termination/time_out: 1.0000
    Episode_Termination/object_dropping: 0.0000
--------------------------------------------------------------------------------
                         Iteration time: 7.80s
                           Time elapsed: 00:29:30
                                    ETA: 02:46:18

################################################################################
[1m                          Learning iteration 226/1500                           [0m 

                            Total steps: 22315008 
                       Steps per second: 12626 
                        Collection time: 7.572s 
                          Learning time: 0.213s 
                        Mean value loss: 39.8854
                    Mean surrogate loss: 0.0004
                      Mean entropy loss: -11.0516
                            Mean reward: -790.69
                    Mean episode length: 250.00
                        Mean action std: 0.07
         Episode_Reward/reaching_object: 0.0000
          Episode_Reward/lifting_object: 0.0000
    Episode_Reward/object_goal_tracking: 0.0000
Episode_Reward/object_goal_tracking_fine_grained: 0.0000
             Episode_Reward/action_rate: 0.0000
               Episode_Reward/joint_vel: 0.0000
                 Curriculum/action_rate: 0.0000
                   Curriculum/joint_vel: 0.0000
     Metrics/object_pose/position_error: 0.2513
  Metrics/object_pose/orientation_error: 3.1122
           Episode_Termination/time_out: 1.0000
    Episode_Termination/object_dropping: 0.0000
--------------------------------------------------------------------------------
                         Iteration time: 7.79s
                           Time elapsed: 00:29:37
                                    ETA: 02:46:10

################################################################################
[1m                          Learning iteration 227/1500                           [0m 

                            Total steps: 22413312 
                       Steps per second: 12615 
                        Collection time: 7.578s 
                          Learning time: 0.214s 
                        Mean value loss: 40.0518
                    Mean surrogate loss: -0.0024
                      Mean entropy loss: -11.2366
                            Mean reward: -828.75
                    Mean episode length: 250.00
                        Mean action std: 0.07
         Episode_Reward/reaching_object: 0.0000
          Episode_Reward/lifting_object: 0.0000
    Episode_Reward/object_goal_tracking: 0.0000
Episode_Reward/object_goal_tracking_fine_grained: 0.0000
             Episode_Reward/action_rate: 0.0000
               Episode_Reward/joint_vel: 0.0000
                 Curriculum/action_rate: 0.0000
                   Curriculum/joint_vel: 0.0000
     Metrics/object_pose/position_error: 0.2473
  Metrics/object_pose/orientation_error: 3.1087
           Episode_Termination/time_out: 1.0000
    Episode_Termination/object_dropping: 0.0000
--------------------------------------------------------------------------------
                         Iteration time: 7.79s
                           Time elapsed: 00:29:45
                                    ETA: 02:46:02

################################################################################
[1m                          Learning iteration 228/1500                           [0m 

                            Total steps: 22511616 
                       Steps per second: 12582 
                        Collection time: 7.596s 
                          Learning time: 0.217s 
                        Mean value loss: 37.7981
                    Mean surrogate loss: -0.0021
                      Mean entropy loss: -11.3034
                            Mean reward: -801.65
                    Mean episode length: 250.00
                        Mean action std: 0.07
         Episode_Reward/reaching_object: 0.0000
          Episode_Reward/lifting_object: 0.0000
    Episode_Reward/object_goal_tracking: 0.0000
Episode_Reward/object_goal_tracking_fine_grained: 0.0000
             Episode_Reward/action_rate: 0.0000
               Episode_Reward/joint_vel: 0.0000
                 Curriculum/action_rate: 0.0000
                   Curriculum/joint_vel: 0.0000
     Metrics/object_pose/position_error: 0.2480
  Metrics/object_pose/orientation_error: 3.1052
           Episode_Termination/time_out: 1.0000
    Episode_Termination/object_dropping: 0.0000
--------------------------------------------------------------------------------
                         Iteration time: 7.81s
                           Time elapsed: 00:29:53
                                    ETA: 02:45:54

################################################################################
[1m                          Learning iteration 229/1500                           [0m 

                            Total steps: 22609920 
                       Steps per second: 12590 
                        Collection time: 7.590s 
                          Learning time: 0.218s 
                        Mean value loss: 37.1866
                    Mean surrogate loss: 0.0022
                      Mean entropy loss: -11.3816
                            Mean reward: -788.69
                    Mean episode length: 250.00
                        Mean action std: 0.07
         Episode_Reward/reaching_object: 0.0000
          Episode_Reward/lifting_object: 0.0000
    Episode_Reward/object_goal_tracking: 0.0000
Episode_Reward/object_goal_tracking_fine_grained: 0.0000
             Episode_Reward/action_rate: 0.0000
               Episode_Reward/joint_vel: 0.0000
                 Curriculum/action_rate: 0.0000
                   Curriculum/joint_vel: 0.0000
     Metrics/object_pose/position_error: 0.2402
  Metrics/object_pose/orientation_error: 3.1038
           Episode_Termination/time_out: 1.0000
    Episode_Termination/object_dropping: 0.0000
--------------------------------------------------------------------------------
                         Iteration time: 7.81s
                           Time elapsed: 00:30:01
                                    ETA: 02:45:46

################################################################################
[1m                          Learning iteration 230/1500                           [0m 

                            Total steps: 22708224 
                       Steps per second: 12671 
                        Collection time: 7.554s 
                          Learning time: 0.204s 
                        Mean value loss: 37.0386
                    Mean surrogate loss: -0.0019
                      Mean entropy loss: -11.5205
                            Mean reward: -786.78
                    Mean episode length: 250.00
                        Mean action std: 0.07
         Episode_Reward/reaching_object: 0.0000
          Episode_Reward/lifting_object: 0.0000
    Episode_Reward/object_goal_tracking: 0.0000
Episode_Reward/object_goal_tracking_fine_grained: 0.0000
             Episode_Reward/action_rate: 0.0000
               Episode_Reward/joint_vel: 0.0000
                 Curriculum/action_rate: 0.0000
                   Curriculum/joint_vel: 0.0000
     Metrics/object_pose/position_error: 0.2472
  Metrics/object_pose/orientation_error: 3.1037
           Episode_Termination/time_out: 1.0000
    Episode_Termination/object_dropping: 0.0000
--------------------------------------------------------------------------------
                         Iteration time: 7.76s
                           Time elapsed: 00:30:09
                                    ETA: 02:45:38

################################################################################
[1m                          Learning iteration 231/1500                           [0m 

                            Total steps: 22806528 
                       Steps per second: 12694 
                        Collection time: 7.528s 
                          Learning time: 0.216s 
                        Mean value loss: 33.7471
                    Mean surrogate loss: -0.0015
                      Mean entropy loss: -11.6262
                            Mean reward: -768.24
                    Mean episode length: 250.00
                        Mean action std: 0.07
         Episode_Reward/reaching_object: 0.0000
          Episode_Reward/lifting_object: 0.0000
    Episode_Reward/object_goal_tracking: 0.0000
Episode_Reward/object_goal_tracking_fine_grained: 0.0000
             Episode_Reward/action_rate: 0.0000
               Episode_Reward/joint_vel: 0.0000
                 Curriculum/action_rate: 0.0000
                   Curriculum/joint_vel: 0.0000
     Metrics/object_pose/position_error: 0.2486
  Metrics/object_pose/orientation_error: 3.1015
           Episode_Termination/time_out: 1.0000
    Episode_Termination/object_dropping: 0.0000
--------------------------------------------------------------------------------
                         Iteration time: 7.74s
                           Time elapsed: 00:30:16
                                    ETA: 02:45:30

################################################################################
[1m                          Learning iteration 232/1500                           [0m 

                            Total steps: 22904832 
                       Steps per second: 12615 
                        Collection time: 7.575s 
                          Learning time: 0.217s 
                        Mean value loss: 32.8727
                    Mean surrogate loss: -0.0005
                      Mean entropy loss: -11.7562
                            Mean reward: -806.69
                    Mean episode length: 250.00
                        Mean action std: 0.07
         Episode_Reward/reaching_object: 0.0000
          Episode_Reward/lifting_object: 0.0000
    Episode_Reward/object_goal_tracking: 0.0000
Episode_Reward/object_goal_tracking_fine_grained: 0.0000
             Episode_Reward/action_rate: 0.0000
               Episode_Reward/joint_vel: 0.0000
                 Curriculum/action_rate: 0.0000
                   Curriculum/joint_vel: 0.0000
     Metrics/object_pose/position_error: 0.2519
  Metrics/object_pose/orientation_error: 3.1013
           Episode_Termination/time_out: 1.0000
    Episode_Termination/object_dropping: 0.0000
--------------------------------------------------------------------------------
                         Iteration time: 7.79s
                           Time elapsed: 00:30:24
                                    ETA: 02:45:22

################################################################################
[1m                          Learning iteration 233/1500                           [0m 

                            Total steps: 23003136 
                       Steps per second: 12532 
                        Collection time: 7.625s 
                          Learning time: 0.219s 
                        Mean value loss: 30.4022
                    Mean surrogate loss: 0.0132
                      Mean entropy loss: -11.7591
                            Mean reward: -798.97
                    Mean episode length: 250.00
                        Mean action std: 0.07
         Episode_Reward/reaching_object: 0.0000
          Episode_Reward/lifting_object: 0.0000
    Episode_Reward/object_goal_tracking: 0.0000
Episode_Reward/object_goal_tracking_fine_grained: 0.0000
             Episode_Reward/action_rate: 0.0000
               Episode_Reward/joint_vel: 0.0000
                 Curriculum/action_rate: 0.0000
                   Curriculum/joint_vel: 0.0000
     Metrics/object_pose/position_error: 0.2478
  Metrics/object_pose/orientation_error: 3.1004
           Episode_Termination/time_out: 1.0000
    Episode_Termination/object_dropping: 0.0000
--------------------------------------------------------------------------------
                         Iteration time: 7.84s
                           Time elapsed: 00:30:32
                                    ETA: 02:45:14

################################################################################
[1m                          Learning iteration 234/1500                           [0m 

                            Total steps: 23101440 
                       Steps per second: 12552 
                        Collection time: 7.617s 
                          Learning time: 0.214s 
                        Mean value loss: 29.1632
                    Mean surrogate loss: -0.0030
                      Mean entropy loss: -11.8507
                            Mean reward: -788.36
                    Mean episode length: 250.00
                        Mean action std: 0.06
         Episode_Reward/reaching_object: 0.0000
          Episode_Reward/lifting_object: 0.0000
    Episode_Reward/object_goal_tracking: 0.0000
Episode_Reward/object_goal_tracking_fine_grained: 0.0000
             Episode_Reward/action_rate: 0.0000
               Episode_Reward/joint_vel: 0.0000
                 Curriculum/action_rate: 0.0000
                   Curriculum/joint_vel: 0.0000
     Metrics/object_pose/position_error: 0.2431
  Metrics/object_pose/orientation_error: 3.0974
           Episode_Termination/time_out: 1.0000
    Episode_Termination/object_dropping: 0.0000
--------------------------------------------------------------------------------
                         Iteration time: 7.83s
                           Time elapsed: 00:30:40
                                    ETA: 02:45:06

################################################################################
[1m                          Learning iteration 235/1500                           [0m 

                            Total steps: 23199744 
                       Steps per second: 12543 
                        Collection time: 7.620s 
                          Learning time: 0.217s 
                        Mean value loss: 27.1292
                    Mean surrogate loss: 0.0001
                      Mean entropy loss: -11.9987
                            Mean reward: -790.54
                    Mean episode length: 250.00
                        Mean action std: 0.06
         Episode_Reward/reaching_object: 0.0000
          Episode_Reward/lifting_object: 0.0000
    Episode_Reward/object_goal_tracking: 0.0000
Episode_Reward/object_goal_tracking_fine_grained: 0.0000
             Episode_Reward/action_rate: 0.0000
               Episode_Reward/joint_vel: 0.0000
                 Curriculum/action_rate: 0.0000
                   Curriculum/joint_vel: 0.0000
     Metrics/object_pose/position_error: 0.2520
  Metrics/object_pose/orientation_error: 3.0974
           Episode_Termination/time_out: 1.0000
    Episode_Termination/object_dropping: 0.0000
--------------------------------------------------------------------------------
                         Iteration time: 7.84s
                           Time elapsed: 00:30:48
                                    ETA: 02:44:58

################################################################################
[1m                          Learning iteration 236/1500                           [0m 

                            Total steps: 23298048 
                       Steps per second: 12623 
                        Collection time: 7.570s 
                          Learning time: 0.218s 
                        Mean value loss: 27.4971
                    Mean surrogate loss: -0.0026
                      Mean entropy loss: -12.1634
                            Mean reward: -772.00
                    Mean episode length: 250.00
                        Mean action std: 0.06
         Episode_Reward/reaching_object: 0.0000
          Episode_Reward/lifting_object: 0.0000
    Episode_Reward/object_goal_tracking: 0.0000
Episode_Reward/object_goal_tracking_fine_grained: 0.0000
             Episode_Reward/action_rate: 0.0000
               Episode_Reward/joint_vel: 0.0000
                 Curriculum/action_rate: 0.0000
                   Curriculum/joint_vel: 0.0000
     Metrics/object_pose/position_error: 0.2478
  Metrics/object_pose/orientation_error: 3.0954
           Episode_Termination/time_out: 1.0000
    Episode_Termination/object_dropping: 0.0000
--------------------------------------------------------------------------------
                         Iteration time: 7.79s
                           Time elapsed: 00:30:55
                                    ETA: 02:44:50

################################################################################
[1m                          Learning iteration 237/1500                           [0m 

                            Total steps: 23396352 
                       Steps per second: 12662 
                        Collection time: 7.548s 
                          Learning time: 0.215s 
                        Mean value loss: 25.2313
                    Mean surrogate loss: -0.0026
                      Mean entropy loss: -12.2282
                            Mean reward: -775.28
                    Mean episode length: 250.00
                        Mean action std: 0.06
         Episode_Reward/reaching_object: 0.0000
          Episode_Reward/lifting_object: 0.0000
    Episode_Reward/object_goal_tracking: 0.0000
Episode_Reward/object_goal_tracking_fine_grained: 0.0000
             Episode_Reward/action_rate: 0.0000
               Episode_Reward/joint_vel: 0.0000
                 Curriculum/action_rate: 0.0000
                   Curriculum/joint_vel: 0.0000
     Metrics/object_pose/position_error: 0.2420
  Metrics/object_pose/orientation_error: 3.0962
           Episode_Termination/time_out: 1.0000
    Episode_Termination/object_dropping: 0.0000
--------------------------------------------------------------------------------
                         Iteration time: 7.76s
                           Time elapsed: 00:31:03
                                    ETA: 02:44:42

################################################################################
[1m                          Learning iteration 238/1500                           [0m 

                            Total steps: 23494656 
                       Steps per second: 12688 
                        Collection time: 7.530s 
                          Learning time: 0.217s 
                        Mean value loss: 25.3588
                    Mean surrogate loss: -0.0020
                      Mean entropy loss: -12.3534
                            Mean reward: -791.64
                    Mean episode length: 250.00
                        Mean action std: 0.06
         Episode_Reward/reaching_object: 0.0000
          Episode_Reward/lifting_object: 0.0000
    Episode_Reward/object_goal_tracking: 0.0000
Episode_Reward/object_goal_tracking_fine_grained: 0.0000
             Episode_Reward/action_rate: 0.0000
               Episode_Reward/joint_vel: 0.0000
                 Curriculum/action_rate: 0.0000
                   Curriculum/joint_vel: 0.0000
     Metrics/object_pose/position_error: 0.2450
  Metrics/object_pose/orientation_error: 3.0978
           Episode_Termination/time_out: 1.0000
    Episode_Termination/object_dropping: 0.0000
--------------------------------------------------------------------------------
                         Iteration time: 7.75s
                           Time elapsed: 00:31:11
                                    ETA: 02:44:34

################################################################################
[1m                          Learning iteration 239/1500                           [0m 

                            Total steps: 23592960 
                       Steps per second: 12637 
                        Collection time: 7.560s 
                          Learning time: 0.219s 
                        Mean value loss: 23.9851
                    Mean surrogate loss: -0.0013
                      Mean entropy loss: -12.3929
                            Mean reward: -771.57
                    Mean episode length: 250.00
                        Mean action std: 0.06
         Episode_Reward/reaching_object: 0.0000
          Episode_Reward/lifting_object: 0.0000
    Episode_Reward/object_goal_tracking: 0.0000
Episode_Reward/object_goal_tracking_fine_grained: 0.0000
             Episode_Reward/action_rate: 0.0000
               Episode_Reward/joint_vel: 0.0000
                 Curriculum/action_rate: 0.0000
                   Curriculum/joint_vel: 0.0000
     Metrics/object_pose/position_error: 0.2441
  Metrics/object_pose/orientation_error: 3.1002
           Episode_Termination/time_out: 1.0000
    Episode_Termination/object_dropping: 0.0000
--------------------------------------------------------------------------------
                         Iteration time: 7.78s
                           Time elapsed: 00:31:19
                                    ETA: 02:44:26

################################################################################
[1m                          Learning iteration 240/1500                           [0m 

                            Total steps: 23691264 
                       Steps per second: 12552 
                        Collection time: 7.614s 
                          Learning time: 0.218s 
                        Mean value loss: 22.2120
                    Mean surrogate loss: -0.0005
                      Mean entropy loss: -12.5186
                            Mean reward: -761.35
                    Mean episode length: 250.00
                        Mean action std: 0.06
         Episode_Reward/reaching_object: 0.0000
          Episode_Reward/lifting_object: 0.0000
    Episode_Reward/object_goal_tracking: 0.0000
Episode_Reward/object_goal_tracking_fine_grained: 0.0000
             Episode_Reward/action_rate: 0.0000
               Episode_Reward/joint_vel: 0.0000
                 Curriculum/action_rate: 0.0000
                   Curriculum/joint_vel: 0.0000
     Metrics/object_pose/position_error: 0.2487
  Metrics/object_pose/orientation_error: 3.1000
           Episode_Termination/time_out: 1.0000
    Episode_Termination/object_dropping: 0.0000
--------------------------------------------------------------------------------
                         Iteration time: 7.83s
                           Time elapsed: 00:31:27
                                    ETA: 02:44:18

################################################################################
[1m                          Learning iteration 241/1500                           [0m 

                            Total steps: 23789568 
                       Steps per second: 12636 
                        Collection time: 7.562s 
                          Learning time: 0.217s 
                        Mean value loss: 20.9819
                    Mean surrogate loss: -0.0024
                      Mean entropy loss: -12.6152
                            Mean reward: -782.07
                    Mean episode length: 250.00
                        Mean action std: 0.06
         Episode_Reward/reaching_object: 0.0000
          Episode_Reward/lifting_object: 0.0000
    Episode_Reward/object_goal_tracking: 0.0000
Episode_Reward/object_goal_tracking_fine_grained: 0.0000
             Episode_Reward/action_rate: 0.0000
               Episode_Reward/joint_vel: 0.0000
                 Curriculum/action_rate: 0.0000
                   Curriculum/joint_vel: 0.0000
     Metrics/object_pose/position_error: 0.2539
  Metrics/object_pose/orientation_error: 3.0997
           Episode_Termination/time_out: 1.0000
    Episode_Termination/object_dropping: 0.0000
--------------------------------------------------------------------------------
                         Iteration time: 7.78s
                           Time elapsed: 00:31:34
                                    ETA: 02:44:10

################################################################################
[1m                          Learning iteration 242/1500                           [0m 

                            Total steps: 23887872 
                       Steps per second: 12615 
                        Collection time: 7.574s 
                          Learning time: 0.218s 
                        Mean value loss: 19.8343
                    Mean surrogate loss: -0.0019
                      Mean entropy loss: -12.6990
                            Mean reward: -785.39
                    Mean episode length: 250.00
                        Mean action std: 0.06
         Episode_Reward/reaching_object: 0.0000
          Episode_Reward/lifting_object: 0.0000
    Episode_Reward/object_goal_tracking: 0.0000
Episode_Reward/object_goal_tracking_fine_grained: 0.0000
             Episode_Reward/action_rate: 0.0000
               Episode_Reward/joint_vel: 0.0000
                 Curriculum/action_rate: 0.0000
                   Curriculum/joint_vel: 0.0000
     Metrics/object_pose/position_error: 0.2484
  Metrics/object_pose/orientation_error: 3.0995
           Episode_Termination/time_out: 1.0000
    Episode_Termination/object_dropping: 0.0000
--------------------------------------------------------------------------------
                         Iteration time: 7.79s
                           Time elapsed: 00:31:42
                                    ETA: 02:44:02

################################################################################
[1m                          Learning iteration 243/1500                           [0m 

                            Total steps: 23986176 
                       Steps per second: 12659 
                        Collection time: 7.548s 
                          Learning time: 0.217s 
                        Mean value loss: 18.2447
                    Mean surrogate loss: -0.0017
                      Mean entropy loss: -12.8114
                            Mean reward: -781.88
                    Mean episode length: 250.00
                        Mean action std: 0.06
         Episode_Reward/reaching_object: 0.0000
          Episode_Reward/lifting_object: 0.0000
    Episode_Reward/object_goal_tracking: 0.0000
Episode_Reward/object_goal_tracking_fine_grained: 0.0000
             Episode_Reward/action_rate: 0.0000
               Episode_Reward/joint_vel: 0.0000
                 Curriculum/action_rate: 0.0000
                   Curriculum/joint_vel: 0.0000
     Metrics/object_pose/position_error: 0.2501
  Metrics/object_pose/orientation_error: 3.0989
           Episode_Termination/time_out: 1.0000
    Episode_Termination/object_dropping: 0.0000
--------------------------------------------------------------------------------
                         Iteration time: 7.77s
                           Time elapsed: 00:31:50
                                    ETA: 02:43:54

################################################################################
[1m                          Learning iteration 244/1500                           [0m 

                            Total steps: 24084480 
                       Steps per second: 12594 
                        Collection time: 7.587s 
                          Learning time: 0.218s 
                        Mean value loss: 18.8270
                    Mean surrogate loss: 0.0012
                      Mean entropy loss: -12.8820
                            Mean reward: -778.05
                    Mean episode length: 250.00
                        Mean action std: 0.06
         Episode_Reward/reaching_object: 0.0000
          Episode_Reward/lifting_object: 0.0000
    Episode_Reward/object_goal_tracking: 0.0000
Episode_Reward/object_goal_tracking_fine_grained: 0.0000
             Episode_Reward/action_rate: 0.0000
               Episode_Reward/joint_vel: 0.0000
                 Curriculum/action_rate: 0.0000
                   Curriculum/joint_vel: 0.0000
     Metrics/object_pose/position_error: 0.2503
  Metrics/object_pose/orientation_error: 3.0959
           Episode_Termination/time_out: 1.0000
    Episode_Termination/object_dropping: 0.0000
--------------------------------------------------------------------------------
                         Iteration time: 7.81s
                           Time elapsed: 00:31:58
                                    ETA: 02:43:46

################################################################################
[1m                          Learning iteration 245/1500                           [0m 

                            Total steps: 24182784 
                       Steps per second: 12605 
                        Collection time: 7.581s 
                          Learning time: 0.217s 
                        Mean value loss: 17.3284
                    Mean surrogate loss: -0.0015
                      Mean entropy loss: -13.0028
                            Mean reward: -778.75
                    Mean episode length: 250.00
                        Mean action std: 0.06
         Episode_Reward/reaching_object: 0.0000
          Episode_Reward/lifting_object: 0.0000
    Episode_Reward/object_goal_tracking: 0.0000
Episode_Reward/object_goal_tracking_fine_grained: 0.0000
             Episode_Reward/action_rate: 0.0000
               Episode_Reward/joint_vel: 0.0000
                 Curriculum/action_rate: 0.0000
                   Curriculum/joint_vel: 0.0000
     Metrics/object_pose/position_error: 0.2537
  Metrics/object_pose/orientation_error: 3.0941
           Episode_Termination/time_out: 1.0000
    Episode_Termination/object_dropping: 0.0000
--------------------------------------------------------------------------------
                         Iteration time: 7.80s
                           Time elapsed: 00:32:06
                                    ETA: 02:43:38

################################################################################
[1m                          Learning iteration 246/1500                           [0m 

                            Total steps: 24281088 
                       Steps per second: 12607 
                        Collection time: 7.582s 
                          Learning time: 0.216s 
                        Mean value loss: 17.2917
                    Mean surrogate loss: -0.0034
                      Mean entropy loss: -13.0974
                            Mean reward: -773.50
                    Mean episode length: 250.00
                        Mean action std: 0.06
         Episode_Reward/reaching_object: 0.0000
          Episode_Reward/lifting_object: 0.0000
    Episode_Reward/object_goal_tracking: 0.0000
Episode_Reward/object_goal_tracking_fine_grained: 0.0000
             Episode_Reward/action_rate: 0.0000
               Episode_Reward/joint_vel: 0.0000
                 Curriculum/action_rate: 0.0000
                   Curriculum/joint_vel: 0.0000
     Metrics/object_pose/position_error: 0.2441
  Metrics/object_pose/orientation_error: 3.0939
           Episode_Termination/time_out: 1.0000
    Episode_Termination/object_dropping: 0.0000
--------------------------------------------------------------------------------
                         Iteration time: 7.80s
                           Time elapsed: 00:32:13
                                    ETA: 02:43:30

################################################################################
[1m                          Learning iteration 247/1500                           [0m 

                            Total steps: 24379392 
                       Steps per second: 12599 
                        Collection time: 7.585s 
                          Learning time: 0.217s 
                        Mean value loss: 17.6090
                    Mean surrogate loss: -0.0015
                      Mean entropy loss: -13.2539
                            Mean reward: -775.89
                    Mean episode length: 250.00
                        Mean action std: 0.06
         Episode_Reward/reaching_object: 0.0000
          Episode_Reward/lifting_object: 0.0000
    Episode_Reward/object_goal_tracking: 0.0000
Episode_Reward/object_goal_tracking_fine_grained: 0.0000
             Episode_Reward/action_rate: 0.0000
               Episode_Reward/joint_vel: 0.0000
                 Curriculum/action_rate: 0.0000
                   Curriculum/joint_vel: 0.0000
     Metrics/object_pose/position_error: 0.2500
  Metrics/object_pose/orientation_error: 3.0912
           Episode_Termination/time_out: 1.0000
    Episode_Termination/object_dropping: 0.0000
--------------------------------------------------------------------------------
                         Iteration time: 7.80s
                           Time elapsed: 00:32:21
                                    ETA: 02:43:22

################################################################################
[1m                          Learning iteration 248/1500                           [0m 

                            Total steps: 24477696 
                       Steps per second: 12664 
                        Collection time: 7.548s 
                          Learning time: 0.214s 
                        Mean value loss: 15.2122
                    Mean surrogate loss: -0.0022
                      Mean entropy loss: -13.3302
                            Mean reward: -791.78
                    Mean episode length: 250.00
                        Mean action std: 0.05
         Episode_Reward/reaching_object: 0.0000
          Episode_Reward/lifting_object: 0.0000
    Episode_Reward/object_goal_tracking: 0.0000
Episode_Reward/object_goal_tracking_fine_grained: 0.0000
             Episode_Reward/action_rate: 0.0000
               Episode_Reward/joint_vel: 0.0000
                 Curriculum/action_rate: 0.0000
                   Curriculum/joint_vel: 0.0000
     Metrics/object_pose/position_error: 0.2531
  Metrics/object_pose/orientation_error: 3.0919
           Episode_Termination/time_out: 1.0000
    Episode_Termination/object_dropping: 0.0000
--------------------------------------------------------------------------------
                         Iteration time: 7.76s
                           Time elapsed: 00:32:29
                                    ETA: 02:43:13

################################################################################
[1m                          Learning iteration 249/1500                           [0m 

                            Total steps: 24576000 
                       Steps per second: 12668 
                        Collection time: 7.548s 
                          Learning time: 0.212s 
                        Mean value loss: 14.9454
                    Mean surrogate loss: -0.0036
                      Mean entropy loss: -13.4669
                            Mean reward: -772.68
                    Mean episode length: 250.00
                        Mean action std: 0.05
         Episode_Reward/reaching_object: 0.0000
          Episode_Reward/lifting_object: 0.0000
    Episode_Reward/object_goal_tracking: 0.0000
Episode_Reward/object_goal_tracking_fine_grained: 0.0000
             Episode_Reward/action_rate: 0.0000
               Episode_Reward/joint_vel: 0.0000
                 Curriculum/action_rate: 0.0000
                   Curriculum/joint_vel: 0.0000
     Metrics/object_pose/position_error: 0.2547
  Metrics/object_pose/orientation_error: 3.0917
           Episode_Termination/time_out: 1.0000
    Episode_Termination/object_dropping: 0.0000
--------------------------------------------------------------------------------
                         Iteration time: 7.76s
                           Time elapsed: 00:32:37
                                    ETA: 02:43:05

################################################################################
[1m                          Learning iteration 250/1500                           [0m 

                            Total steps: 24674304 
                       Steps per second: 12648 
                        Collection time: 7.555s 
                          Learning time: 0.217s 
                        Mean value loss: 12.7724
                    Mean surrogate loss: -0.0035
                      Mean entropy loss: -13.5462
                            Mean reward: -769.97
                    Mean episode length: 250.00
                        Mean action std: 0.05
         Episode_Reward/reaching_object: 0.0000
          Episode_Reward/lifting_object: 0.0000
    Episode_Reward/object_goal_tracking: 0.0000
Episode_Reward/object_goal_tracking_fine_grained: 0.0000
             Episode_Reward/action_rate: 0.0000
               Episode_Reward/joint_vel: 0.0000
                 Curriculum/action_rate: 0.0000
                   Curriculum/joint_vel: 0.0000
     Metrics/object_pose/position_error: 0.2567
  Metrics/object_pose/orientation_error: 3.0923
           Episode_Termination/time_out: 1.0000
    Episode_Termination/object_dropping: 0.0000
--------------------------------------------------------------------------------
                         Iteration time: 7.77s
                           Time elapsed: 00:32:44
                                    ETA: 02:42:57

################################################################################
[1m                          Learning iteration 251/1500                           [0m 

                            Total steps: 24772608 
                       Steps per second: 12577 
                        Collection time: 7.599s 
                          Learning time: 0.217s 
                        Mean value loss: 11.6990
                    Mean surrogate loss: -0.0011
                      Mean entropy loss: -13.6474
                            Mean reward: -794.37
                    Mean episode length: 250.00
                        Mean action std: 0.05
         Episode_Reward/reaching_object: 0.0000
          Episode_Reward/lifting_object: 0.0000
    Episode_Reward/object_goal_tracking: 0.0000
Episode_Reward/object_goal_tracking_fine_grained: 0.0000
             Episode_Reward/action_rate: 0.0000
               Episode_Reward/joint_vel: 0.0000
                 Curriculum/action_rate: 0.0000
                   Curriculum/joint_vel: 0.0000
     Metrics/object_pose/position_error: 0.2569
  Metrics/object_pose/orientation_error: 3.0913
           Episode_Termination/time_out: 1.0000
    Episode_Termination/object_dropping: 0.0000
--------------------------------------------------------------------------------
                         Iteration time: 7.82s
                           Time elapsed: 00:32:52
                                    ETA: 02:42:49

################################################################################
[1m                          Learning iteration 252/1500                           [0m 

                            Total steps: 24870912 
                       Steps per second: 12579 
                        Collection time: 7.600s 
                          Learning time: 0.215s 
                        Mean value loss: 11.0891
                    Mean surrogate loss: -0.0032
                      Mean entropy loss: -13.7453
                            Mean reward: -767.72
                    Mean episode length: 250.00
                        Mean action std: 0.05
         Episode_Reward/reaching_object: 0.0000
          Episode_Reward/lifting_object: 0.0000
    Episode_Reward/object_goal_tracking: 0.0000
Episode_Reward/object_goal_tracking_fine_grained: 0.0000
             Episode_Reward/action_rate: 0.0000
               Episode_Reward/joint_vel: 0.0000
                 Curriculum/action_rate: 0.0000
                   Curriculum/joint_vel: 0.0000
     Metrics/object_pose/position_error: 0.2505
  Metrics/object_pose/orientation_error: 3.0907
           Episode_Termination/time_out: 1.0000
    Episode_Termination/object_dropping: 0.0000
--------------------------------------------------------------------------------
                         Iteration time: 7.81s
                           Time elapsed: 00:33:00
                                    ETA: 02:42:41

################################################################################
[1m                          Learning iteration 253/1500                           [0m 

                            Total steps: 24969216 
                       Steps per second: 12571 
                        Collection time: 7.602s 
                          Learning time: 0.218s 
                        Mean value loss: 11.1693
                    Mean surrogate loss: -0.0038
                      Mean entropy loss: -13.8395
                            Mean reward: -774.51
                    Mean episode length: 250.00
                        Mean action std: 0.05
         Episode_Reward/reaching_object: 0.0000
          Episode_Reward/lifting_object: 0.0000
    Episode_Reward/object_goal_tracking: 0.0000
Episode_Reward/object_goal_tracking_fine_grained: 0.0000
             Episode_Reward/action_rate: 0.0000
               Episode_Reward/joint_vel: 0.0000
                 Curriculum/action_rate: 0.0000
                   Curriculum/joint_vel: 0.0000
     Metrics/object_pose/position_error: 0.2512
  Metrics/object_pose/orientation_error: 3.0900
           Episode_Termination/time_out: 1.0000
    Episode_Termination/object_dropping: 0.0000
--------------------------------------------------------------------------------
                         Iteration time: 7.82s
                           Time elapsed: 00:33:08
                                    ETA: 02:42:34

################################################################################
[1m                          Learning iteration 254/1500                           [0m 

                            Total steps: 25067520 
                       Steps per second: 12552 
                        Collection time: 7.614s 
                          Learning time: 0.217s 
                        Mean value loss: 10.6711
                    Mean surrogate loss: -0.0020
                      Mean entropy loss: -13.9103
                            Mean reward: -771.50
                    Mean episode length: 250.00
                        Mean action std: 0.05
         Episode_Reward/reaching_object: 0.0000
          Episode_Reward/lifting_object: 0.0000
    Episode_Reward/object_goal_tracking: 0.0000
Episode_Reward/object_goal_tracking_fine_grained: 0.0000
             Episode_Reward/action_rate: 0.0000
               Episode_Reward/joint_vel: 0.0000
                 Curriculum/action_rate: 0.0000
                   Curriculum/joint_vel: 0.0000
     Metrics/object_pose/position_error: 0.2526
  Metrics/object_pose/orientation_error: 3.0897
           Episode_Termination/time_out: 1.0000
    Episode_Termination/object_dropping: 0.0000
--------------------------------------------------------------------------------
                         Iteration time: 7.83s
                           Time elapsed: 00:33:16
                                    ETA: 02:42:26

################################################################################
[1m                          Learning iteration 255/1500                           [0m 

                            Total steps: 25165824 
                       Steps per second: 12545 
                        Collection time: 7.618s 
                          Learning time: 0.218s 
                        Mean value loss: 10.5631
                    Mean surrogate loss: -0.0026
                      Mean entropy loss: -14.0139
                            Mean reward: -766.42
                    Mean episode length: 250.00
                        Mean action std: 0.05
         Episode_Reward/reaching_object: 0.0000
          Episode_Reward/lifting_object: 0.0000
    Episode_Reward/object_goal_tracking: 0.0000
Episode_Reward/object_goal_tracking_fine_grained: 0.0000
             Episode_Reward/action_rate: 0.0000
               Episode_Reward/joint_vel: 0.0000
                 Curriculum/action_rate: 0.0000
                   Curriculum/joint_vel: 0.0000
     Metrics/object_pose/position_error: 0.2564
  Metrics/object_pose/orientation_error: 3.0891
           Episode_Termination/time_out: 1.0000
    Episode_Termination/object_dropping: 0.0000
--------------------------------------------------------------------------------
                         Iteration time: 7.84s
                           Time elapsed: 00:33:24
                                    ETA: 02:42:18

################################################################################
[1m                          Learning iteration 256/1500                           [0m 

                            Total steps: 25264128 
                       Steps per second: 12504 
                        Collection time: 7.643s 
                          Learning time: 0.218s 
                        Mean value loss: 10.7188
                    Mean surrogate loss: -0.0034
                      Mean entropy loss: -14.0783
                            Mean reward: -754.66
                    Mean episode length: 250.00
                        Mean action std: 0.05
         Episode_Reward/reaching_object: 0.0000
          Episode_Reward/lifting_object: 0.0000
    Episode_Reward/object_goal_tracking: 0.0000
Episode_Reward/object_goal_tracking_fine_grained: 0.0000
             Episode_Reward/action_rate: 0.0000
               Episode_Reward/joint_vel: 0.0000
                 Curriculum/action_rate: 0.0000
                   Curriculum/joint_vel: 0.0000
     Metrics/object_pose/position_error: 0.2624
  Metrics/object_pose/orientation_error: 3.0888
           Episode_Termination/time_out: 1.0000
    Episode_Termination/object_dropping: 0.0000
--------------------------------------------------------------------------------
                         Iteration time: 7.86s
                           Time elapsed: 00:33:31
                                    ETA: 02:42:10

################################################################################
[1m                          Learning iteration 257/1500                           [0m 

                            Total steps: 25362432 
                       Steps per second: 12528 
                        Collection time: 7.626s 
                          Learning time: 0.220s 
                        Mean value loss: 9.8707
                    Mean surrogate loss: -0.0021
                      Mean entropy loss: -14.1692
                            Mean reward: -785.09
                    Mean episode length: 250.00
                        Mean action std: 0.05
         Episode_Reward/reaching_object: 0.0000
          Episode_Reward/lifting_object: 0.0000
    Episode_Reward/object_goal_tracking: 0.0000
Episode_Reward/object_goal_tracking_fine_grained: 0.0000
             Episode_Reward/action_rate: 0.0000
               Episode_Reward/joint_vel: 0.0000
                 Curriculum/action_rate: 0.0000
                   Curriculum/joint_vel: 0.0000
     Metrics/object_pose/position_error: 0.2552
  Metrics/object_pose/orientation_error: 3.0882
           Episode_Termination/time_out: 1.0000
    Episode_Termination/object_dropping: 0.0000
--------------------------------------------------------------------------------
                         Iteration time: 7.85s
                           Time elapsed: 00:33:39
                                    ETA: 02:42:03

################################################################################
[1m                          Learning iteration 258/1500                           [0m 

                            Total steps: 25460736 
                       Steps per second: 12541 
                        Collection time: 7.622s 
                          Learning time: 0.217s 
                        Mean value loss: 9.7802
                    Mean surrogate loss: -0.0044
                      Mean entropy loss: -14.2419
                            Mean reward: -790.63
                    Mean episode length: 250.00
                        Mean action std: 0.05
         Episode_Reward/reaching_object: 0.0000
          Episode_Reward/lifting_object: 0.0000
    Episode_Reward/object_goal_tracking: 0.0000
Episode_Reward/object_goal_tracking_fine_grained: 0.0000
             Episode_Reward/action_rate: 0.0000
               Episode_Reward/joint_vel: 0.0000
                 Curriculum/action_rate: 0.0000
                   Curriculum/joint_vel: 0.0000
     Metrics/object_pose/position_error: 0.2556
  Metrics/object_pose/orientation_error: 3.0885
           Episode_Termination/time_out: 1.0000
    Episode_Termination/object_dropping: 0.0000
--------------------------------------------------------------------------------
                         Iteration time: 7.84s
                           Time elapsed: 00:33:47
                                    ETA: 02:41:55

################################################################################
[1m                          Learning iteration 259/1500                           [0m 

                            Total steps: 25559040 
                       Steps per second: 12576 
                        Collection time: 7.603s 
                          Learning time: 0.214s 
                        Mean value loss: 9.5775
                    Mean surrogate loss: -0.0058
                      Mean entropy loss: -14.3364
                            Mean reward: -775.42
                    Mean episode length: 250.00
                        Mean action std: 0.05
         Episode_Reward/reaching_object: 0.0000
          Episode_Reward/lifting_object: 0.0000
    Episode_Reward/object_goal_tracking: 0.0000
Episode_Reward/object_goal_tracking_fine_grained: 0.0000
             Episode_Reward/action_rate: 0.0000
               Episode_Reward/joint_vel: 0.0000
                 Curriculum/action_rate: 0.0000
                   Curriculum/joint_vel: 0.0000
     Metrics/object_pose/position_error: 0.2598
  Metrics/object_pose/orientation_error: 3.0875
           Episode_Termination/time_out: 1.0000
    Episode_Termination/object_dropping: 0.0000
--------------------------------------------------------------------------------
                         Iteration time: 7.82s
                           Time elapsed: 00:33:55
                                    ETA: 02:41:47

################################################################################
[1m                          Learning iteration 260/1500                           [0m 

                            Total steps: 25657344 
                       Steps per second: 12523 
                        Collection time: 7.632s 
                          Learning time: 0.218s 
                        Mean value loss: 9.3765
                    Mean surrogate loss: -0.0039
                      Mean entropy loss: -14.4061
                            Mean reward: -763.05
                    Mean episode length: 250.00
                        Mean action std: 0.05
         Episode_Reward/reaching_object: 0.0000
          Episode_Reward/lifting_object: 0.0000
    Episode_Reward/object_goal_tracking: 0.0000
Episode_Reward/object_goal_tracking_fine_grained: 0.0000
             Episode_Reward/action_rate: 0.0000
               Episode_Reward/joint_vel: 0.0000
                 Curriculum/action_rate: 0.0000
                   Curriculum/joint_vel: 0.0000
     Metrics/object_pose/position_error: 0.2620
  Metrics/object_pose/orientation_error: 3.0869
           Episode_Termination/time_out: 1.0000
    Episode_Termination/object_dropping: 0.0000
--------------------------------------------------------------------------------
                         Iteration time: 7.85s
                           Time elapsed: 00:34:03
                                    ETA: 02:41:39

################################################################################
[1m                          Learning iteration 261/1500                           [0m 

                            Total steps: 25755648 
                       Steps per second: 12474 
                        Collection time: 7.663s 
                          Learning time: 0.217s 
                        Mean value loss: 9.1300
                    Mean surrogate loss: -0.0024
                      Mean entropy loss: -14.4996
                            Mean reward: -770.68
                    Mean episode length: 250.00
                        Mean action std: 0.05
         Episode_Reward/reaching_object: 0.0000
          Episode_Reward/lifting_object: 0.0000
    Episode_Reward/object_goal_tracking: 0.0000
Episode_Reward/object_goal_tracking_fine_grained: 0.0000
             Episode_Reward/action_rate: 0.0000
               Episode_Reward/joint_vel: 0.0000
                 Curriculum/action_rate: 0.0000
                   Curriculum/joint_vel: 0.0000
     Metrics/object_pose/position_error: 0.2627
  Metrics/object_pose/orientation_error: 3.0871
           Episode_Termination/time_out: 1.0000
    Episode_Termination/object_dropping: 0.0000
--------------------------------------------------------------------------------
                         Iteration time: 7.88s
                           Time elapsed: 00:34:11
                                    ETA: 02:41:32

################################################################################
[1m                          Learning iteration 262/1500                           [0m 

                            Total steps: 25853952 
                       Steps per second: 12510 
                        Collection time: 7.641s 
                          Learning time: 0.217s 
                        Mean value loss: 8.4636
                    Mean surrogate loss: -0.0018
                      Mean entropy loss: -14.5643
                            Mean reward: -767.55
                    Mean episode length: 250.00
                        Mean action std: 0.05
         Episode_Reward/reaching_object: 0.0000
          Episode_Reward/lifting_object: 0.0000
    Episode_Reward/object_goal_tracking: 0.0000
Episode_Reward/object_goal_tracking_fine_grained: 0.0000
             Episode_Reward/action_rate: 0.0000
               Episode_Reward/joint_vel: 0.0000
                 Curriculum/action_rate: 0.0000
                   Curriculum/joint_vel: 0.0000
     Metrics/object_pose/position_error: 0.2638
  Metrics/object_pose/orientation_error: 3.0873
           Episode_Termination/time_out: 1.0000
    Episode_Termination/object_dropping: 0.0000
--------------------------------------------------------------------------------
                         Iteration time: 7.86s
                           Time elapsed: 00:34:18
                                    ETA: 02:41:24

################################################################################
[1m                          Learning iteration 263/1500                           [0m 

                            Total steps: 25952256 
                       Steps per second: 12547 
                        Collection time: 7.619s 
                          Learning time: 0.216s 
                        Mean value loss: 8.9243
                    Mean surrogate loss: 0.0001
                      Mean entropy loss: -14.6010
                            Mean reward: -779.26
                    Mean episode length: 250.00
                        Mean action std: 0.05
         Episode_Reward/reaching_object: 0.0000
          Episode_Reward/lifting_object: 0.0000
    Episode_Reward/object_goal_tracking: 0.0000
Episode_Reward/object_goal_tracking_fine_grained: 0.0000
             Episode_Reward/action_rate: 0.0000
               Episode_Reward/joint_vel: 0.0000
                 Curriculum/action_rate: 0.0000
                   Curriculum/joint_vel: 0.0000
     Metrics/object_pose/position_error: 0.2593
  Metrics/object_pose/orientation_error: 3.0870
           Episode_Termination/time_out: 1.0000
    Episode_Termination/object_dropping: 0.0000
--------------------------------------------------------------------------------
                         Iteration time: 7.83s
                           Time elapsed: 00:34:26
                                    ETA: 02:41:16

################################################################################
[1m                          Learning iteration 264/1500                           [0m 

                            Total steps: 26050560 
                       Steps per second: 12589 
                        Collection time: 7.600s 
                          Learning time: 0.209s 
                        Mean value loss: 9.2469
                    Mean surrogate loss: -0.0024
                      Mean entropy loss: -14.6356
                            Mean reward: -785.38
                    Mean episode length: 250.00
                        Mean action std: 0.05
         Episode_Reward/reaching_object: 0.0000
          Episode_Reward/lifting_object: 0.0000
    Episode_Reward/object_goal_tracking: 0.0000
Episode_Reward/object_goal_tracking_fine_grained: 0.0000
             Episode_Reward/action_rate: 0.0000
               Episode_Reward/joint_vel: 0.0000
                 Curriculum/action_rate: 0.0000
                   Curriculum/joint_vel: 0.0000
     Metrics/object_pose/position_error: 0.2592
  Metrics/object_pose/orientation_error: 3.0860
           Episode_Termination/time_out: 1.0000
    Episode_Termination/object_dropping: 0.0000
--------------------------------------------------------------------------------
                         Iteration time: 7.81s
                           Time elapsed: 00:34:34
                                    ETA: 02:41:08

################################################################################
[1m                          Learning iteration 265/1500                           [0m 

                            Total steps: 26148864 
                       Steps per second: 12512 
                        Collection time: 7.650s 
                          Learning time: 0.207s 
                        Mean value loss: 9.2880
                    Mean surrogate loss: -0.0036
                      Mean entropy loss: -14.6648
                            Mean reward: -798.17
                    Mean episode length: 250.00
                        Mean action std: 0.05
         Episode_Reward/reaching_object: 0.0000
          Episode_Reward/lifting_object: 0.0000
    Episode_Reward/object_goal_tracking: 0.0000
Episode_Reward/object_goal_tracking_fine_grained: 0.0000
             Episode_Reward/action_rate: 0.0000
               Episode_Reward/joint_vel: 0.0000
                 Curriculum/action_rate: 0.0000
                   Curriculum/joint_vel: 0.0000
     Metrics/object_pose/position_error: 0.2635
  Metrics/object_pose/orientation_error: 3.0843
           Episode_Termination/time_out: 1.0000
    Episode_Termination/object_dropping: 0.0000
--------------------------------------------------------------------------------
                         Iteration time: 7.86s
                           Time elapsed: 00:34:42
                                    ETA: 02:41:00

################################################################################
[1m                          Learning iteration 266/1500                           [0m 

                            Total steps: 26247168 
                       Steps per second: 12590 
                        Collection time: 7.595s 
                          Learning time: 0.213s 
                        Mean value loss: 9.2351
                    Mean surrogate loss: -0.0047
                      Mean entropy loss: -14.7070
                            Mean reward: -770.48
                    Mean episode length: 250.00
                        Mean action std: 0.05
         Episode_Reward/reaching_object: 0.0000
          Episode_Reward/lifting_object: 0.0000
    Episode_Reward/object_goal_tracking: 0.0000
Episode_Reward/object_goal_tracking_fine_grained: 0.0000
             Episode_Reward/action_rate: 0.0000
               Episode_Reward/joint_vel: 0.0000
                 Curriculum/action_rate: 0.0000
                   Curriculum/joint_vel: 0.0000
     Metrics/object_pose/position_error: 0.2670
  Metrics/object_pose/orientation_error: 3.0845
           Episode_Termination/time_out: 1.0000
    Episode_Termination/object_dropping: 0.0000
--------------------------------------------------------------------------------
                         Iteration time: 7.81s
                           Time elapsed: 00:34:50
                                    ETA: 02:40:52

################################################################################
[1m                          Learning iteration 267/1500                           [0m 

                            Total steps: 26345472 
                       Steps per second: 12529 
                        Collection time: 7.629s 
                          Learning time: 0.217s 
                        Mean value loss: 9.6521
                    Mean surrogate loss: -0.0049
                      Mean entropy loss: -14.7436
                            Mean reward: -788.35
                    Mean episode length: 250.00
                        Mean action std: 0.05
         Episode_Reward/reaching_object: 0.0000
          Episode_Reward/lifting_object: 0.0000
    Episode_Reward/object_goal_tracking: 0.0000
Episode_Reward/object_goal_tracking_fine_grained: 0.0000
             Episode_Reward/action_rate: 0.0000
               Episode_Reward/joint_vel: 0.0000
                 Curriculum/action_rate: 0.0000
                   Curriculum/joint_vel: 0.0000
     Metrics/object_pose/position_error: 0.2599
  Metrics/object_pose/orientation_error: 3.0848
           Episode_Termination/time_out: 1.0000
    Episode_Termination/object_dropping: 0.0000
--------------------------------------------------------------------------------
                         Iteration time: 7.85s
                           Time elapsed: 00:34:58
                                    ETA: 02:40:45

################################################################################
[1m                          Learning iteration 268/1500                           [0m 

                            Total steps: 26443776 
                       Steps per second: 12523 
                        Collection time: 7.634s 
                          Learning time: 0.216s 
                        Mean value loss: 9.3522
                    Mean surrogate loss: -0.0039
                      Mean entropy loss: -14.7864
                            Mean reward: -774.57
                    Mean episode length: 250.00
                        Mean action std: 0.05
         Episode_Reward/reaching_object: 0.0000
          Episode_Reward/lifting_object: 0.0000
    Episode_Reward/object_goal_tracking: 0.0000
Episode_Reward/object_goal_tracking_fine_grained: 0.0000
             Episode_Reward/action_rate: 0.0000
               Episode_Reward/joint_vel: 0.0000
                 Curriculum/action_rate: 0.0000
                   Curriculum/joint_vel: 0.0000
     Metrics/object_pose/position_error: 0.2640
  Metrics/object_pose/orientation_error: 3.0849
           Episode_Termination/time_out: 1.0000
    Episode_Termination/object_dropping: 0.0000
--------------------------------------------------------------------------------
                         Iteration time: 7.85s
                           Time elapsed: 00:35:05
                                    ETA: 02:40:37

################################################################################
[1m                          Learning iteration 269/1500                           [0m 

                            Total steps: 26542080 
                       Steps per second: 12542 
                        Collection time: 7.620s 
                          Learning time: 0.218s 
                        Mean value loss: 9.2060
                    Mean surrogate loss: -0.0037
                      Mean entropy loss: -14.8237
                            Mean reward: -791.17
                    Mean episode length: 250.00
                        Mean action std: 0.05
         Episode_Reward/reaching_object: 0.0000
          Episode_Reward/lifting_object: 0.0000
    Episode_Reward/object_goal_tracking: 0.0000
Episode_Reward/object_goal_tracking_fine_grained: 0.0000
             Episode_Reward/action_rate: 0.0000
               Episode_Reward/joint_vel: 0.0000
                 Curriculum/action_rate: 0.0000
                   Curriculum/joint_vel: 0.0000
     Metrics/object_pose/position_error: 0.2655
  Metrics/object_pose/orientation_error: 3.0863
           Episode_Termination/time_out: 1.0000
    Episode_Termination/object_dropping: 0.0000
--------------------------------------------------------------------------------
                         Iteration time: 7.84s
                           Time elapsed: 00:35:13
                                    ETA: 02:40:29

################################################################################
[1m                          Learning iteration 270/1500                           [0m 

                            Total steps: 26640384 
                       Steps per second: 12579 
                        Collection time: 7.597s 
                          Learning time: 0.217s 
                        Mean value loss: 9.5593
                    Mean surrogate loss: -0.0027
                      Mean entropy loss: -14.8581
                            Mean reward: -806.46
                    Mean episode length: 250.00
                        Mean action std: 0.05
         Episode_Reward/reaching_object: 0.0000
          Episode_Reward/lifting_object: 0.0000
    Episode_Reward/object_goal_tracking: 0.0000
Episode_Reward/object_goal_tracking_fine_grained: 0.0000
             Episode_Reward/action_rate: 0.0000
               Episode_Reward/joint_vel: 0.0000
                 Curriculum/action_rate: 0.0000
                   Curriculum/joint_vel: 0.0000
     Metrics/object_pose/position_error: 0.2682
  Metrics/object_pose/orientation_error: 3.0862
           Episode_Termination/time_out: 1.0000
    Episode_Termination/object_dropping: 0.0000
--------------------------------------------------------------------------------
                         Iteration time: 7.81s
                           Time elapsed: 00:35:21
                                    ETA: 02:40:21

################################################################################
[1m                          Learning iteration 271/1500                           [0m 

                            Total steps: 26738688 
                       Steps per second: 12571 
                        Collection time: 7.604s 
                          Learning time: 0.215s 
                        Mean value loss: 9.8514
                    Mean surrogate loss: -0.0044
                      Mean entropy loss: -14.9173
                            Mean reward: -794.43
                    Mean episode length: 250.00
                        Mean action std: 0.05
         Episode_Reward/reaching_object: 0.0000
          Episode_Reward/lifting_object: 0.0000
    Episode_Reward/object_goal_tracking: 0.0000
Episode_Reward/object_goal_tracking_fine_grained: 0.0000
             Episode_Reward/action_rate: 0.0000
               Episode_Reward/joint_vel: 0.0000
                 Curriculum/action_rate: 0.0000
                   Curriculum/joint_vel: 0.0000
     Metrics/object_pose/position_error: 0.2674
  Metrics/object_pose/orientation_error: 3.0865
           Episode_Termination/time_out: 1.0000
    Episode_Termination/object_dropping: 0.0000
--------------------------------------------------------------------------------
                         Iteration time: 7.82s
                           Time elapsed: 00:35:29
                                    ETA: 02:40:13

################################################################################
[1m                          Learning iteration 272/1500                           [0m 

                            Total steps: 26836992 
                       Steps per second: 12565 
                        Collection time: 7.608s 
                          Learning time: 0.215s 
                        Mean value loss: 9.7851
                    Mean surrogate loss: -0.0042
                      Mean entropy loss: -14.9877
                            Mean reward: -779.86
                    Mean episode length: 250.00
                        Mean action std: 0.05
         Episode_Reward/reaching_object: 0.0000
          Episode_Reward/lifting_object: 0.0000
    Episode_Reward/object_goal_tracking: 0.0000
Episode_Reward/object_goal_tracking_fine_grained: 0.0000
             Episode_Reward/action_rate: 0.0000
               Episode_Reward/joint_vel: 0.0000
                 Curriculum/action_rate: 0.0000
                   Curriculum/joint_vel: 0.0000
     Metrics/object_pose/position_error: 0.2595
  Metrics/object_pose/orientation_error: 3.0874
           Episode_Termination/time_out: 1.0000
    Episode_Termination/object_dropping: 0.0000
--------------------------------------------------------------------------------
                         Iteration time: 7.82s
                           Time elapsed: 00:35:37
                                    ETA: 02:40:06

################################################################################
[1m                          Learning iteration 273/1500                           [0m 

                            Total steps: 26935296 
                       Steps per second: 12527 
                        Collection time: 7.632s 
                          Learning time: 0.215s 
                        Mean value loss: 9.8029
                    Mean surrogate loss: -0.0056
                      Mean entropy loss: -15.0718
                            Mean reward: -776.05
                    Mean episode length: 250.00
                        Mean action std: 0.04
         Episode_Reward/reaching_object: 0.0000
          Episode_Reward/lifting_object: 0.0000
    Episode_Reward/object_goal_tracking: 0.0000
Episode_Reward/object_goal_tracking_fine_grained: 0.0000
             Episode_Reward/action_rate: 0.0000
               Episode_Reward/joint_vel: 0.0000
                 Curriculum/action_rate: 0.0000
                   Curriculum/joint_vel: 0.0000
     Metrics/object_pose/position_error: 0.2582
  Metrics/object_pose/orientation_error: 3.0869
           Episode_Termination/time_out: 1.0000
    Episode_Termination/object_dropping: 0.0000
--------------------------------------------------------------------------------
                         Iteration time: 7.85s
                           Time elapsed: 00:35:45
                                    ETA: 02:39:58

################################################################################
[1m                          Learning iteration 274/1500                           [0m 

                            Total steps: 27033600 
                       Steps per second: 12497 
                        Collection time: 7.652s 
                          Learning time: 0.214s 
                        Mean value loss: 9.9264
                    Mean surrogate loss: -0.0005
                      Mean entropy loss: -15.1341
                            Mean reward: -787.53
                    Mean episode length: 250.00
                        Mean action std: 0.04
         Episode_Reward/reaching_object: 0.0000
          Episode_Reward/lifting_object: 0.0000
    Episode_Reward/object_goal_tracking: 0.0000
Episode_Reward/object_goal_tracking_fine_grained: 0.0000
             Episode_Reward/action_rate: 0.0000
               Episode_Reward/joint_vel: 0.0000
                 Curriculum/action_rate: 0.0000
                   Curriculum/joint_vel: 0.0000
     Metrics/object_pose/position_error: 0.2694
  Metrics/object_pose/orientation_error: 3.0864
           Episode_Termination/time_out: 1.0000
    Episode_Termination/object_dropping: 0.0000
--------------------------------------------------------------------------------
                         Iteration time: 7.87s
                           Time elapsed: 00:35:53
                                    ETA: 02:39:50

################################################################################
[1m                          Learning iteration 275/1500                           [0m 

                            Total steps: 27131904 
                       Steps per second: 12519 
                        Collection time: 7.633s 
                          Learning time: 0.219s 
                        Mean value loss: 10.9337
                    Mean surrogate loss: -0.0045
                      Mean entropy loss: -15.1645
                            Mean reward: -775.82
                    Mean episode length: 250.00
                        Mean action std: 0.04
         Episode_Reward/reaching_object: 0.0000
          Episode_Reward/lifting_object: 0.0000
    Episode_Reward/object_goal_tracking: 0.0000
Episode_Reward/object_goal_tracking_fine_grained: 0.0000
             Episode_Reward/action_rate: 0.0000
               Episode_Reward/joint_vel: 0.0000
                 Curriculum/action_rate: 0.0000
                   Curriculum/joint_vel: 0.0000
     Metrics/object_pose/position_error: 0.2596
  Metrics/object_pose/orientation_error: 3.0867
           Episode_Termination/time_out: 1.0000
    Episode_Termination/object_dropping: 0.0000
--------------------------------------------------------------------------------
                         Iteration time: 7.85s
                           Time elapsed: 00:36:00
                                    ETA: 02:39:42

